game_str,play_id,timestamp,baserunner_player_id,from_base,to_base,runner_x,runner_y,runner_dist_to_base,cutoff_x,cutoff_y,cutoff_dist_to_base,fielder_x,fielder_y,fielder_dist_to_base,as+,optimal_action,cutoff_decision,let,cut_hold,cut_relay,safe_probability,outs,player_id,num_appearances,peak_speed_ft_per_s,pct90_speed_ft_per_s,speed_plus,basepath,is_1B_to_3B,is_1B_to_Home,is_2B_to_Home,is_Home_to_2B,is_Home_to_3B,model_prediction
y2_d007_NSO_YJD,41,1269208,NSO-1437,Home,2B,37.8171,32.1675,102.09474084721505,72.6579,143.6781,74.5474979594889,183.0546,222.2319,206.344617954455,109.5,cut_relay,cut_relay,1.128824193484041,1.253,0.9481753132884145,0.7881857335814678,1,NSO-1437,8.0,25.685265548364484,25.05964311490044,94.5,Home_to_2B,False,False,False,True,False,cut_relay
y1_d020_JFU_YJD,217,8286886,YJD-0338,2B,Home,-6.7338,3.8058,7.73486755413433,27.8928,189.7959,191.8345431580298,84.5448,337.0242,347.4667388293159,107.7,cut_hold,cut_hold,1.2729999741010165,1.2730000000000001,1.2727313516293801,0.9999999796551582,2,YJD-0338,19.0,29.345793602831733,27.801495156248425,104.8,2B_to_Home,False,False,True,False,False,cut_hold
y1_d074_UWE_YJD,49,1481126,YJD-0025,1B,3B,-43.8732,102.5712,43.661936691814304,58.8129,198.591,182.2264665722573,109.4673,361.3281,344.36077331034676,86.9,let,cut_relay,2.6837353985689636,2.809,2.8014237282973777,0.9996493636228048,0,YJD-0025,60.0,27.481260039889,25.6673797041861,96.8,1B_to_3B,True,False,False,False,False,let
y2_d068_RDO_RZQ,55,1654462,RZQ-0318,1B,3B,-49.7451,98.1543,37.206251497564224,-59.7,169.7388,106.17193113737736,-103.962,335.6325,274.96505912615515,90.7,let,let,2.6132754809370087,2.809,2.8007479638723036,0.9992218492123229,0,RZQ-0318,39.0,26.87822604749056,25.770163681010697,97.2,1B_to_3B,True,False,False,False,False,let
y1_d022_AKX_YJD,199,6460662,YJD-0193,Home,2B,46.5921,101.6469,53.043411108449654,11.6337,220.9644,94.68184325967678,93.5544,380.0667,269.8058198190877,101.2,cut_hold,cut_hold,1.5639991667501407,1.564,1.5611182012730789,0.9939584932349657,1,YJD-0193,34.0,29.998663737240033,28.394677012646664,107.1,Home_to_2B,False,False,False,True,False,cut_hold
y2_d065_HKR_RZQ,234,7802333,HKR-1484,1B,3B,27.8985,117.0462,105.97886195223083,-30.6489,119.6121,64.9714449402197,164.7534,216.0066,274.5525923372788,117.5,let,cut_hold,1.0126047666322144,1.288,1.0126047666322144,0.7382174587758692,0,HKR-1484,11.0,28.01877639887224,25.200948789281725,95.0,1B_to_3B,True,False,False,False,False,cut_relay
y1_d048_MHY_RZQ,109,3746237,MHY-1634,Home,2B,60.9834,64.5579,87.28110292594842,20.01,131.5017,20.510129275311748,-176.001,239.0067,208.61891775649207,102.4,cut_hold,let,0.273,0.273,0.2515294644139305,0.9213533495015769,2,,,,26.51569023675358,100.0,Home_to_2B,False,False,False,True,False,cut_hold
y2_d043_RZQ_YJD,125,3732101,RZQ-0355,Home,2B,23.8143,121.7793,24.37983988831756,26.2185,204.3135,81.63814687081035,89.2785,380.1204,268.4037769078707,119.2,cut_relay,cut_relay,3.250336064129328,3.253,3.1112106714374503,0.9993402713415159,2,RZQ-0355,118.0,28.54847882637532,27.289533909611116,102.9,Home_to_2B,False,False,False,True,False,cut_relay
y1_d016_OXG_QEA,244,7979814,OXG-0162,Home,2B,41.4678,25.3722,109.76241692710671,2.2623,-1.5861,128.605999527627,-44.5203,259.8579,140.11880210913876,107.1,let,let,1.0696799016734013,1.2730000000000001,1.184237565375139,0.6748628768320103,2,OXG-0162,9.0,27.172617838552107,26.693957715438813,100.7,Home_to_2B,False,False,False,True,False,let
y1_d073_PHS_RZQ,228,8265097,RZQ-0274,1B,Home,-47.3778,98.688,109.47135368140836,-108.7623,122.7978,164.0382198944197,-208.0506,219.7815,302.6366797045758,96.0,let,let,3.3177779563825647,3.809,3.6680782917533263,0.6843246640805631,0,RZQ-0274,76.0,28.71293292229131,27.011267188637134,101.9,1B_to_Home,False,True,False,False,False,let
y2_d094_QZE_RZQ,344,11857564,RZQ-0310,2B,Home,-13.818,9.9936,17.05312771781177,2.4942,88.6911,88.72616442093054,233.5866,234.672,331.10972091371764,114.9,cut_relay,cut_hold,2.5126767177898026,2.539,2.4382138158980173,0.9999998459954986,2,RZQ-0310,87.0,30.062054811506144,28.691500681721738,108.2,2B_to_Home,False,False,True,False,False,cut_hold
y1_d058_KJH_RZQ,326,11729919,RZQ-0400,Home,2B,47.2812,96.3237,56.36086634474314,-44.0418,165.2307,58.32037868301269,-60.9729,348.177,229.42746100545594,88.7,cut_hold,cut_hold,1.089,1.089,1.0823890545864583,0.9922497709102676,0,,,,26.51569023675358,100.0,Home_to_2B,False,False,False,True,False,cut_hold
y2_d084_LFS_YJD,340,11238731,YJD-0132,Home,2B,52.2378,91.7766,63.00377493769719,-29.973,144.1917,34.5533685462069,-105.9888,369.4698,264.62280634420006,78.5,let,cut_hold,2.718058149889486,2.809,2.796334998815882,0.9870353078037271,0,YJD-0132,24.0,26.0341401505792,24.16156196117811,91.1,Home_to_2B,False,False,False,True,False,cut_hold
y1_d095_KQQ_YJD,100,2933316,YJD-0210,1B,3B,-55.4067,85.8891,23.723610174254674,-57.7695,168.4836,105.00782461897779,-121.8048,351.8109,293.98233206410555,107.8,cut_hold,cut_hold,3.7535477976307408,3.809,3.7982866354618463,0.9998386959007672,0,YJD-0210,41.0,28.827396859584805,27.536323339545532,103.8,1B_to_3B,True,False,False,False,False,let
y1_d100_MRJ_YJD,183,5712920,YJD-0345,1B,3B,-47.8656,104.2287,43.546231330047384,6.4152,134.6199,99.72901910201463,-84.6276,215.5734,153.37613044186506,106.7,cut_hold,cut_hold,1.2723254295107487,1.288,1.2723254295107487,0.9851002181661108,0,YJD-0345,141.0,30.29178295214727,28.29335863307854,106.7,1B_to_3B,True,False,False,False,False,cut_hold
y2_d009_TSZ_RZQ,126,4024308,TSZ-1361,1B,3B,-47.0739,102.7812,42.50257882352552,-89.9451,109.9278,53.240198298372256,-180.8115,196.7232,177.31412390018454,107.9,cut_hold,cut_hold,0.5344097719137132,0.539,0.528413522125751,0.9914838068900059,2,,,,26.51569023675358,100.0,1B_to_3B,True,False,False,False,False,cut_hold
y1_d054_APZ_QEA,250,8553929,QEA-0263,Home,2B,42.6024,112.1259,45.12430981821218,30.513,187.248,67.53417411207454,108.3318,375.2202,270.8302911036356,98.7,cut_relay,cut_hold,0.38010615143996623,0.539,0.3788588217451427,0.996718470116576,2,QEA-0263,44.0,27.428684397701595,24.03543769705148,90.6,Home_to_2B,False,False,False,True,False,cut_relay
y2_d013_RQJ_YJD,135,12611212,YJD-0405,Home,2B,53.6001,95.0118,62.41967365542694,-54.3468,200.1855,91.1575124742333,-76.6395,367.7982,252.70019011367998,94.5,cut_hold,cut_relay,1.4820454238714753,1.5390000000000001,1.532260836210612,0.9876236900588437,2,YJD-0405,25.0,26.674085714040885,25.85890800679202,97.5,Home_to_2B,False,False,False,True,False,cut_hold
y2_d008_JMJ_YJD,179,5621391,JMJ-1299,Home,2B,35.4663,108.6102,39.95050912979708,-117.3648,125.8668,117.37027060239744,-154.0542,150.9381,155.9029479171257,109.5,cut_hold,cut_hold,0.5361058768874848,0.539,0.5349464619447928,0.997837339613915,2,JMJ-1299,8.0,27.085883502850706,24.757261871842196,93.4,Home_to_2B,False,False,False,True,False,cut_hold
y2_d052_PTB_YJD,126,3642901,PTB-1274,1B,Home,-49.2717,91.4355,103.866024671882,35.4609,186.9543,190.28763942332145,111.0366,354.7077,371.68088325719685,110.1,cut_hold,cut_relay,3.179304301083493,3.253,3.2377684701095917,0.9571536037380719,1,PTB-1274,5.0,26.743516616181953,25.039078590225976,94.4,1B_to_Home,False,True,False,False,False,cut_hold
y2_d073_XFE_RZQ,46,3211566,XFE-1156,Home,2B,39.0456,107.0373,43.85280231239504,12.4719,199.5429,73.60720501431909,73.0392,365.6325,249.56000238998635,113.8,cut_hold,cut_hold,1.5639637796047892,1.564,1.5625856138870435,0.9970348299518733,1,XFE-1156,15.0,27.183574044816115,24.677511871186194,93.1,Home_to_2B,False,False,False,True,False,cut_relay
y1_d096_WNA_RZQ,57,1809321,RZQ-0169,2B,Home,-55.5231,45.0642,71.50941724870927,6.3345,139.8297,139.9731077469526,-172.6878,205.1718,268.1726007333337,101.1,cut_hold,cut_hold,1.5578680618491207,1.564,1.5271423139873719,0.9952502415562514,1,RZQ-0169,44.0,26.559551027831777,25.01367771251388,94.3,2B_to_Home,False,False,True,False,False,cut_hold
y2_d058_POW_YJD,269,9049109,POW-1711,1B,3B,-24.7014,118.3071,67.11710953527424,-53.3172,157.7565,94.68091556427831,-125.0454,320.0115,263.62277815357686,102.3,cut_hold,cut_hold,0.5316042915045505,0.539,0.485857891943663,0.9862788339602049,2,POW-1711,5.0,25.34627666620879,24.809532231997334,93.6,1B_to_3B,True,False,False,False,False,cut_hold
y2_d084_LFS_YJD,323,10669181,LFS-1637,2B,Home,-57.3312,48.7236,75.23865821770083,17.2086,150.915,151.89296606150003,59.1693,261.1779,267.79638069044177,102.3,cut_hold,cut_hold,1.226768414975555,1.236,1.236,0.9919655482815971,1,LFS-1637,10.0,29.20735670152299,25.84180063618301,97.5,2B_to_Home,False,False,True,False,False,cut_hold
y1_d039_HMN_RZQ,39,1405645,HMN-1071,2B,Home,-54.3171,45.8493,71.0809796140993,1.4157,134.43,134.43745425472025,-66.7686,243.9969,252.96745473592054,114.4,cut_hold,cut_hold,1.4917026992194236,1.5030000000000001,1.5030000000000001,0.9910834247982822,0,,,,26.51569023675358,100.0,2B_to_Home,False,False,True,False,False,cut_hold
y2_d025_ALA_YJD,128,4043265,YJD-0366,Home,2B,59.4792,75.5937,78.61541141741866,-33.0135,143.8329,37.05722203106973,-25.968,293.6943,168.7048507793715,90.7,cut_hold,cut_hold,0.5324621544645792,0.539,0.5103298461739804,0.9584340255828057,2,YJD-0366,85.0,28.824736775199312,26.68966730371655,100.7,Home_to_2B,False,False,False,True,False,cut_hold
y1_d094_KQQ_YJD,130,4127881,YJD-0223,2B,Home,-58.9536,48.8409,76.55690998054976,-60.8499,76.2126,97.52471855263157,117.828,195.2493,228.04764137015317,95.5,let,cut_hold,1.7857362209127499,1.873,1.8386301181501263,0.9439538991090236,1,YJD-0223,39.0,26.820608951735768,24.57902821740516,92.7,2B_to_Home,False,False,True,False,False,cut_hold
y1_d053_APZ_QEA,223,8186926,NA,2B,Home,-55.65,48.6315,73.90497474629161,-18.5052,148.674,149.82122914674008,-49.0167,292.713,296.7887080868981,110.6,cut_hold,cut_relay,1.500723580262952,1.5030000000000001,1.5030000000000001,0.9982032993393463,0,NA,1947.0,30.909685920274246,26.612438623327908,100.4,2B_to_Home,False,False,True,False,False,cut_hold
y1_d075_PHS_RZQ,288,9664862,RZQ-0347,2B,Home,-60.2121,68.6493,91.31387286113758,-53.5554,63.6003,83.14552921985643,22.8183,290.8224,291.7162031095462,103.4,cut_relay,cut_hold,2.2116320320291925,2.253,1.8756846753745677,0.9758646627941611,1,RZQ-0347,139.0,29.131157150549306,27.98336097523604,105.5,2B_to_Home,False,False,True,False,False,cut_relay
y2_d035_KNB_YJD,274,9178275,KNB-2032,Home,2B,55.6917,87.7134,68.15425436794096,-97.1508,110.9013,98.47561161186053,-217.1031,221.5035,236.7797870213165,109.5,cut_hold,cut_hold,0.5327535960395441,0.539,0.5225685242400937,0.98088220919546,2,KNB-2032,13.0,25.402839285630133,23.8035757503989,89.8,Home_to_2B,False,False,False,True,False,cut_hold
y2_d035_KNB_YJD,335,10867283,KNB-1796,Home,2B,51.0807,89.8956,63.13457382330223,-0.2967,153.9801,26.98173135475186,98.9418,367.5891,260.1395679746739,119.2,cut_hold,cut_hold,1.8058050765664928,1.809,1.793571831244155,0.9869138254670021,0,KNB-1796,7.0,26.90827006663627,26.306549521316033,99.2,Home_to_2B,False,False,False,True,False,cut_hold
y1_d067_IAQ_YJD,240,7848324,YJD-0340,Home,2B,57.1023,81.2298,73.18185480930366,-91.2225,120.441,91.45799575351518,-215.0793,212.1069,231.30561972442433,94.8,cut_hold,cut_hold,1.7992143988813762,1.809,1.7731622620987022,0.9720588245079635,0,YJD-0340,58.0,28.217347637579255,26.748808837180157,100.9,Home_to_2B,False,False,False,True,False,cut_hold
y2_d015_TEQ_YJD,127,4049666,YJD-0107,Home,2B,38.3121,111.5208,41.32097093547053,50.6211,212.1948,99.0991912794953,107.985,358.7433,255.66720032082722,91.8,cut_hold,cut_hold,3.2377058240611256,3.253,3.2507015910910013,0.9975592248824363,1,YJD-0107,28.0,27.076091248368922,24.673727366489224,93.1,Home_to_2B,False,False,False,True,False,cut_hold
y1_d099_MRJ_YJD,223,8188067,MRJ-1291,1B,3B,-37.4193,109.9476,53.21577704262148,104.3484,119.6481,177.07910605198458,208.6812,221.8746,314.95559148330733,109.5,cut_hold,cut_hold,1.807177271587539,1.809,1.777941342105877,0.9985359611144893,1,MRJ-1291,10.0,28.354227827609765,26.959692556424596,101.7,1B_to_3B,True,False,False,False,False,cut_hold
y1_d064_UEX_RZQ,30,9075548,UEX-2073,2B,Home,-39.66,22.2618,45.48080187551666,65.9571,205.5525,215.87535592711828,133.0422,334.0995,359.6146588795985,102.4,cut_hold,cut_relay,3.7641238123159377,3.809,3.75015966546802,0.9999979210022666,0,,,,26.51569023675358,100.0,2B_to_Home,False,False,True,False,False,cut_hold
y2_d094_QZE_RZQ,142,4726914,QZE-1479,2B,Home,-60.1473,62.0994,86.45249087013052,-0.3831,1.4106,1.4616969487551106,120.3324,217.2018,248.30728626643238,112.2,cut_relay,let,2.1691108300276856,2.2880000000000003,2.1186727465752586,0.9159793851785764,0,QZE-1479,8.0,28.24568609628734,28.02862094214609,105.7,2B_to_Home,False,False,True,False,False,let
y2_d013_BVD_RZQ,80,2868166,BVD-2403,2B,Home,-55.6632,50.7432,75.32107394667179,39.3471,66.5589,77.3193471753351,-53.0085,306.3882,310.9399140854869,105.7,cut_hold,cut_hold,1.2346833995895283,1.236,1.236,0.9988541336723484,1,BVD-2403,8.0,24.90087469246814,24.307954931031748,91.7,2B_to_Home,False,False,True,False,False,cut_hold
y2_d009_JMJ_YJD,292,9287991,JMJ-2130,1B,3B,-6.1773,126.4425,85.12412053901056,-60.9528,85.2999,21.82595500430622,3.3411,272.5452,219.3806061260886,114.0,cut_relay,let,1.113997539109774,1.253,0.8808011399657476,0.8581607541936471,1,JMJ-2130,5.0,27.65713483783193,27.446262887571788,103.5,1B_to_3B,True,False,False,False,False,cut_relay
y1_d053_APZ_QEA,227,8335776,APZ-1543,Home,2B,32.0475,115.1355,34.17321489851372,-48.1764,62.6208,80.40924641855563,-111.9099,295.2753,202.09008463578812,110.6,cut_hold,cut_hold,2.7691230610569675,2.809,2.807582719915451,0.9986066572300115,0,,,,26.51569023675358,100.0,Home_to_2B,False,False,False,True,False,cut_hold
y1_d048_STK_QEA,69,2242405,STK-2291,2B,Home,-61.4118,65.3778,89.69763604510433,0.8124,-1.8798,2.0478383236964777,-131.1396,206.6037,244.70938588834306,106.0,let,let,0.9300921823193572,1.087,1.087,0.8556505817105402,2,,,,26.51569023675358,100.0,2B_to_Home,False,False,True,False,False,let
y2_d067_HKR_RZQ,7,11533965,RZQ-0317,1B,Home,-59.2197,55.8381,81.39328153908036,-50.0262,208.8636,214.7710969646521,-60.0336,352.5777,357.6521601587917,107.9,cut_hold,cut_hold,3.7999712021254815,3.809,3.808309470523334,0.9941974361108769,1,RZQ-0317,31.0,28.29715030263648,26.848807176856116,101.3,1B_to_Home,False,True,False,False,False,cut_hold
y1_d099_MRJ_YJD,186,6674767,MRJ-1806,1B,Home,-61.896,64.2684,89.2274736533541,11.4825,175.6155,175.99048737502832,89.9745,375.3705,386.0031384852978,107.1,cut_hold,cut_relay,2.5289367013504425,2.539,2.4843422051139705,0.993461244973073,2,MRJ-1806,7.0,26.21821089719892,26.18016207321864,98.7,1B_to_Home,False,True,False,False,False,cut_hold
y1_d027_JIL_RZQ,236,8200209,JIL-1444,Home,3B,55.857,97.134,124.10230072403976,36.1938,188.8311,160.12369950026135,93.2265,336.2982,314.5625420317715,113.0,let,let,2.362316264863664,2.809,2.604136739411697,0.660623322709262,0,JIL-1444,5.0,27.75546024118498,27.627983810904198,104.2,Home_to_3B,False,False,False,False,True,let
y1_d095_KQQ_YJD,100,2933316,NA,2B,Home,-17.9244,14.331,22.94911057884379,-57.7695,168.4836,178.1124324667147,-121.8048,351.8109,372.30003849294724,107.8,cut_hold,cut_hold,3.7535477976307408,3.809,3.7982866354618463,0.9999999470500781,0,NA,1947.0,30.909685920274246,26.612438623327908,100.4,2B_to_Home,False,False,True,False,False,cut_hold
y1_d079_PVJ_RZQ,61,1668866,PVJ-1588,Home,3B,26.1903,117.9459,104.96958403699615,-62.6949,183.6471,120.01082144715117,-80.9445,359.4384,296.30413288175714,107.5,cut_relay,cut_relay,1.5389999901172096,1.5390000000000001,1.4446834541215852,0.8257182538459917,2,,,,26.51569023675358,100.0,Home_to_3B,False,False,False,False,True,cut_relay
y1_d056_KJH_RZQ,250,8817137,RZQ-0111,1B,3B,-49.7934,95.5422,34.77756024220215,-95.925,119.5494,64.56146089858872,-186.1503,186.1983,173.28967223980774,101.7,cut_hold,cut_relay,2.2879535255027705,2.2880000000000003,2.2830990429283995,0.9953412955593152,0,RZQ-0111,5.0,27.314127771905884,27.134868664033874,102.3,1B_to_3B,True,False,False,False,False,cut_hold
y2_d004_GHD_YJD,209,6643966,YJD-0019,1B,3B,-25.3215,117.8124,66.35477649732535,25.1757,153.492,126.33926733399238,67.5453,236.1672,216.7376701820198,78.3,cut_hold,cut_hold,1.2545538459369858,1.288,1.2545538459369858,0.9682070778868687,0,YJD-0019,48.0,29.012389750587595,26.37868237736772,99.5,1B_to_3B,True,False,False,False,False,cut_hold
y2_d044_RZQ_YJD,153,4971038,RZQ-0385,2B,Home,-60.6024,65.2473,89.04976722625388,21.5526,160.0746,161.51901476891197,60.5997,319.1034,324.80656325211476,122.4,cut_hold,cut_hold,1.5588394280142628,1.564,1.5343396090714343,0.9960026553170122,1,RZQ-0385,18.0,30.877510755402557,29.33893596859435,110.6,2B_to_Home,False,False,True,False,False,cut_hold
y2_d058_POW_YJD,84,2664059,YJD-0345,1B,3B,-45.6324,102.3951,42.7344291382253,-18.3846,130.8615,81.03567912598747,-81.3564,315.7401,252.72184561088105,106.7,let,cut_relay,2.149614950024036,2.539,2.5011441460873947,0.998028241437829,2,YJD-0345,141.0,30.29178295214727,28.29335863307854,106.7,1B_to_3B,True,False,False,False,False,let
y2_d024_ALA_YJD,144,4682097,ALA-1500,1B,3B,-37.8033,109.9074,52.99252182761262,12.3978,142.6581,109.66132935748134,28.9434,247.2624,205.6425825001233,114.0,cut_hold,cut_hold,1.275046053233422,1.288,1.275046053233422,0.9876863623891844,0,,,,26.51569023675358,100.0,1B_to_3B,True,False,False,False,False,cut_hold
y1_d040_TKJ_YJD,97,10448384,YJD-0193,1B,3B,-38.5074,109.0578,51.90784275617703,38.799,167.3532,145.774403017951,82.5771,337.1907,310.1764430173575,105.9,let,let,1.192392750113059,1.5390000000000001,1.5095383942503613,0.9985675012903745,2,YJD-0193,34.0,29.998663737240033,28.394677012646664,107.1,1B_to_3B,True,False,False,False,False,cut_hold
y2_d050_DYE_RZQ,66,2263708,DYE-0089,1B,3B,-60.5919,53.9619,10.14674988456895,96.9129,140.2194,177.8809663869915,234.0372,244.9584,348.55139876121575,117.5,cut_hold,cut_hold,2.5250790387440674,2.539,2.5380953969244664,0.999983584436714,2,DYE-0089,23.0,29.489880019593162,28.26938376670406,106.6,1B_to_3B,True,False,False,False,False,cut_relay
y1_d014_IXC_QEA,285,10173574,QEA-0263,Home,2B,52.2354,94.5414,61.4987619966451,29.2902,200.9229,79.5142186055425,116.9649,369.0846,268.8600777154727,90.9,cut_hold,cut_relay,1.2729995968701886,1.2730000000000001,1.2698435212690509,0.9884378068463394,2,QEA-0263,44.0,27.428684397701595,24.03543769705148,90.6,Home_to_2B,False,False,False,True,False,cut_hold
y1_d046_MHY_RZQ,111,3529619,RZQ-0355,1B,3B,-46.0323,94.2957,35.35255353973741,-1.5282,132.9489,93.06771361997671,-102.579,300.0747,239.61972599327044,107.2,let,cut_hold,1.2849376780179926,1.5390000000000001,1.5183468091963905,0.9986737523158431,2,RZQ-0355,118.0,28.54847882637532,27.289533909611116,102.9,1B_to_3B,True,False,False,False,False,cut_hold
y2_d032_KNB_YJD,212,7083123,KNB-1075,1B,3B,-36.0771,110.34,54.22733126763662,-47.3991,176.5047,114.02722192046951,-90.9696,347.3655,285.0387103296849,110.1,cut_hold,cut_relay,1.5372717399240456,1.5390000000000001,1.5005265147106,0.9971109988093366,2,KNB-1075,17.0,26.748297802218634,25.856776589389085,97.5,1B_to_3B,True,False,False,False,False,let
y1_d099_MRJ_YJD,259,9421617,MRJ-1691,1B,3B,-41.1606,28.1022,42.05066769029953,-64.5564,67.5858,4.050818016154272,124.5054,114.033,194.7771700948548,109.5,cut_hold,cut_hold,1.5036676441843893,1.5390000000000001,1.5357961307683679,0.9941909486465845,2,,,,26.51569023675358,100.0,1B_to_3B,True,False,False,False,False,cut_hold
y2_d042_RZQ_YJD,70,2242764,YJD-0185,Home,2B,37.8861,107.1672,42.76326144075075,14.7921,36.4926,91.7082094317079,127.242,232.1757,165.08317429250627,117.5,cut_hold,cut_hold,2.2529453562002466,2.253,2.249420022158844,0.9973086946115184,1,YJD-0185,85.0,28.267858915206155,26.562182230902803,100.2,Home_to_2B,False,False,False,True,False,cut_hold
y2_d012_RQJ_YJD,200,6453814,RQJ-1145,1B,Home,-53.2938,90.3753,104.918654054129,-93.6123,101.3172,137.94360342955378,-195.7413,191.0664,273.53432277257275,102.3,let,cut_hold,1.6163347874674459,2.253,2.2111477982726684,0.6285500510311819,1,,,,26.51569023675358,100.0,1B_to_Home,False,True,False,False,False,let
y2_d052_PTB_YJD,346,11092801,YJD-0185,Home,2B,-8.3664,125.601,8.482561521144424,115.0608,154.1082,118.21100711811908,199.2123,257.9136,238.3776649274214,88.5,cut_hold,cut_relay,2.5379558359404846,2.539,2.4952213958021927,0.9998081668259642,2,YJD-0185,85.0,28.267858915206155,26.562182230902803,100.2,Home_to_2B,False,False,False,True,False,cut_hold
y1_d021_JFU_YJD,122,4173886,JFU-1850,1B,3B,5.8452,125.0322,92.72106146868683,0.5535,2.2344,88.83385139466824,-141.5007,214.695,169.9408768645437,119.2,cut_relay,let,1.2185795498783683,1.316,1.1696542484951027,0.5368805332123503,2,,,,26.51569023675358,100.0,1B_to_3B,True,False,False,False,False,let
y1_d043_WJU_QEA,31,937149,QEA-0369,2B,Home,-49.9899,36.0813,61.65103658252633,-42.9135,184.98,189.89251928986036,-57.6177,368.2428,372.72316684790337,97.0,let,let,3.0241222770463945,3.253,3.2066221161536226,0.9999894741726516,1,QEA-0369,37.0,26.93573080538191,25.071702391044358,94.6,2B_to_Home,False,False,True,False,False,cut_hold
y1_d076_GAX_YJD,90,3033188,NA,2B,Home,-60.0414,56.5671,82.4912511504705,-15.4035,132.0849,132.98003090787728,53.5479,311.5773,316.1452063051091,108.3,cut_hold,cut_hold,1.233224988027612,1.236,1.236,0.9975848459770339,1,NA,1947.0,30.909685920274246,26.612438623327908,100.4,2B_to_Home,False,False,True,False,False,cut_hold
y1_d094_WNA_RZQ,339,10829887,WNA-1047,1B,3B,-41.889,29.2488,40.69226755097336,-73.5759,172.9974,109.80784600186819,-121.1082,266.0814,210.4402871248754,114.1,cut_hold,cut_hold,2.8071326445279854,2.809,2.803894722857265,0.996214537016307,0,WNA-1047,5.0,28.222207259709506,27.768877330658135,104.7,1B_to_3B,True,False,False,False,False,cut_hold
y1_d044_WJU_QEA,47,1242702,QEA-0263,Home,2B,58.7334,55.74,92.34500460533856,-56.6601,188.7501,83.80597700653576,-108.0843,318.6969,220.06798353258935,99.8,cut_relay,cut_relay,2.2528189210385015,2.253,2.130352771807579,0.8876525127434809,2,QEA-0263,44.0,27.428684397701595,24.03543769705148,90.6,Home_to_2B,False,False,False,True,False,cut_relay
y1_d100_MRJ_YJD,82,2571870,MRJ-1291,1B,3B,-55.9689,48.3852,17.074972862350325,-60.0072,212.0898,148.4942435109186,-100.1454,354.0402,292.68570239969023,116.3,cut_hold,cut_hold,2.805817548246848,2.809,2.7534153450150898,0.9999083466677988,1,MRJ-1291,10.0,28.354227827609765,26.959692556424596,101.7,1B_to_3B,True,False,False,False,False,cut_hold
y2_d052_PTB_YJD,126,3642901,PTB-1274,1B,3B,-49.2717,91.4355,31.289580776034697,35.4609,186.9543,158.2005213812521,111.0366,354.7077,339.4588643279919,110.1,cut_hold,cut_relay,3.179304301083493,3.253,3.2377684701095917,0.9998713477441932,1,PTB-1274,5.0,26.743516616181953,25.039078590225976,94.4,1B_to_3B,True,False,False,False,False,cut_hold
y2_d014_TEQ_YJD,69,2003509,YJD-0229,1B,3B,-40.5009,106.7025,48.88554852980582,96.6189,119.7819,169.80820935637945,212.5347,221.0553,317.8868377177325,105.6,cut_hold,cut_hold,1.5388912317396388,1.5390000000000001,1.512554337584791,0.9990592735206354,2,YJD-0229,12.0,26.406080124281978,25.599569161555088,96.5,1B_to_3B,True,False,False,False,False,cut_hold
y1_d067_OWH_QEA,225,7889015,NA,2B,Home,-57.8631,54.1506,79.24913767335264,-17.5821,138.2379,139.35152398456214,41.6649,260.8515,264.15803781876485,88.6,cut_hold,cut_hold,1.2172640863985966,1.236,1.236,0.9836937218438613,1,NA,1947.0,30.909685920274246,26.612438623327908,100.4,2B_to_Home,False,False,True,False,False,cut_hold
y1_d049_JZK_RZQ,120,3680510,RZQ-0169,1B,3B,-25.0122,118.9884,67.49483176806947,79.2999,126.6258,156.20187583268645,231.7443,242.1879,345.1539327327736,111.7,cut_hold,cut_hold,1.5366245723470529,1.5390000000000001,1.5186634472459164,0.9971360037978232,2,RZQ-0169,44.0,26.559551027831777,25.01367771251388,94.3,1B_to_3B,True,False,False,False,False,cut_hold
y2_d083_WMI_YJD,299,9703950,WMI-2227,2B,Home,-55.9017,79.0629,96.82944913248241,1.4841,-1.9896,2.4821484584931657,-107.2617,221.2152,245.8479957167233,122.4,let,let,1.1243413177702748,1.5030000000000001,1.5030000000000001,0.7011375830862467,1,WMI-2227,5.0,27.33298707605885,26.894554836108714,101.4,2B_to_Home,False,False,True,False,False,let
y2_d017_GIS_RZQ,119,4169148,RZQ-0231,2B,Home,-60.0573,60.9105,85.5392792437486,26.4699,74.976,79.51135882381837,-27.2709,272.2941,273.6563152598894,120.6,cut_hold,cut_hold,1.471500995928989,1.5030000000000001,1.5030000000000001,0.9751389075998335,0,RZQ-0231,77.0,28.361250593018635,26.82909278895618,101.2,2B_to_Home,False,False,True,False,False,cut_relay
y2_d008_TSZ_RZQ,262,7637845,RZQ-0409,Home,2B,4.6494,125.5692,4.864576960024377,66.6822,163.2663,75.90626003519077,214.1556,263.3286,253.8663195252966,86.8,cut_relay,cut_hold,2.2529999812936388,2.253,2.1348924189883647,0.9998546948083131,1,RZQ-0409,46.0,29.710082558283148,28.02679446251887,105.7,Home_to_2B,False,False,False,True,False,cut_relay
y1_d085_YJD_RZQ,128,4010433,RZQ-0333,2B,Home,-60.2469,67.2186,90.26643421322235,0.6243,-1.1877,1.3417830599616318,-97.8138,198.2745,221.08893418868797,122.4,let,let,1.1139901783203006,1.564,1.4788430177052774,0.6514253898685519,1,RZQ-0333,96.0,30.09452525842532,27.726508205325935,104.6,2B_to_Home,False,False,True,False,False,let
y1_d024_AKX_YJD,173,5815000,YJD-0338,Home,2B,59.7153,82.7187,74.34211850478839,88.8921,130.1412,88.9475833277667,208.5201,225.3948,230.56922771924707,93.2,let,let,1.844769910382019,2.253,2.2242863616639066,0.9695153568739006,1,YJD-0338,19.0,29.345793602831733,27.801495156248425,104.8,Home_to_2B,False,False,False,True,False,cut_hold
y2_d030_IKJ_RZQ,60,2008264,RZQ-0347,Home,2B,58.5321,78.7374,75.86359660054353,-0.663,124.8726,2.228317697277472,182.466,188.5809,192.5773828901255,115.5,cut_hold,cut_hold,1.561315535863315,1.564,1.547793008138765,0.9660230778590462,1,RZQ-0347,139.0,29.131157150549306,27.98336097523604,105.5,Home_to_2B,False,False,False,True,False,cut_hold
y1_d092_DYE_RZQ,258,8716709,DYE-0408,2B,Home,-48.7872,33.4542,59.15551015315479,-44.6856,64.0851,78.12619848277528,-106.956,160.7409,193.0731023959837,114.4,cut_hold,cut_hold,1.205985944054009,1.236,1.236,0.9738781062262917,1,DYE-0408,15.0,29.21045311955979,28.767513421791772,108.5,2B_to_Home,False,False,True,False,False,cut_hold
y2_d094_QZE_RZQ,135,4505064,QZE-2357,2B,Home,-47.4537,88.7517,100.64153166849161,-43.7415,141.6195,148.22078667481156,-66.2292,276.5031,284.32423611477446,105.7,let,cut_hold,0.9665704831617672,1.087,1.087,0.8892092761377803,2,QZE-2357,12.0,27.535706309081668,27.071918055053114,102.1,2B_to_Home,False,False,True,False,False,cut_hold
y1_d086_DYE_YJD,248,3019866,DYE-0130,Home,2B,58.4502,57.336,90.93678450462167,-65.4756,72.1707,85.40085675126451,-192.9453,182.4645,200.75905845649905,116.3,cut_hold,cut_hold,0.273,0.273,0.24524810900770422,0.8983447216399422,2,DYE-0130,26.0,27.48346700181765,25.92098961640082,97.8,Home_to_2B,False,False,False,True,False,cut_relay
y1_d057_OXG_QEA,169,4884277,OXG-0086,1B,Home,-39.6876,103.8261,111.15288855882244,81.5121,139.1055,161.2282933503298,220.2597,270.2145,348.61183493154675,110.6,let,let,2.998538636057821,3.253,3.0181845132821663,0.8520980654689178,1,OXG-0086,14.0,27.668908878063714,26.042313830307634,98.2,1B_to_Home,False,True,False,False,False,let
y1_d057_OXG_QEA,273,8326785,OXG-0085,Home,2B,58.0914,56.0301,91.71334395806316,-50.8218,147.4452,54.78012010100014,-203.2689,227.4585,226.73807781107257,107.5,cut_relay,cut_relay,1.089,1.089,0.9971677065772699,0.8923419772300938,0,OXG-0085,6.0,28.373343862153444,28.24976225788612,106.5,Home_to_2B,False,False,False,True,False,cut_relay
y1_d053_APZ_QEA,134,4524740,APZ-1351,Home,2B,59.2614,79.6572,75.85020924031785,-43.3683,118.8105,44.13476356728333,87.9597,342.9705,233.1955524754707,110.6,cut_hold,cut_hold,0.564,0.564,0.5477126436517035,0.9658545988505315,1,,,,26.51569023675358,100.0,Home_to_2B,False,False,False,True,False,cut_hold
y2_d027_YUH_RZQ,175,84131184,YUH-2406,Home,2B,32.1639,115.6497,34.107855008780604,41.22,206.8416,89.85415677952801,87.933,368.1459,256.6779257665333,117.5,cut_relay,cut_relay,1.5262832491507488,1.5390000000000001,1.4189959322327177,0.9986021785416728,2,,,,26.51569023675358,100.0,Home_to_2B,False,False,False,True,False,cut_hold
y1_d091_DYE_RZQ,324,11158651,NA,2B,Home,-55.7364,47.0316,72.9281679704077,37.1484,68.6448,78.05198389278776,-26.0307,261.849,263.13968941132765,107.2,cut_relay,cut_hold,2.2777553889530293,2.2880000000000003,2.18220732013627,0.9927599921929534,0,NA,1947.0,30.909685920274246,26.612438623327908,100.4,2B_to_Home,False,False,True,False,False,cut_hold
y1_d080_PVJ_RZQ,212,6834810,RZQ-0014,Home,2B,47.4393,98.2419,55.47535939586151,-72.144,134.4759,72.53030964231436,-148.6875,244.1391,189.28692877496852,100.0,cut_hold,cut_hold,1.089,1.089,1.0828612340921462,0.9928033224995853,0,RZQ-0014,28.0,28.745830019848107,27.432808730458994,103.5,Home_to_2B,False,False,False,True,False,cut_hold
y1_d016_OXG_QEA,70,2140764,OXG-0134,2B,Home,-61.383,70.6383,93.58227458172836,2.2803,-0.4554,2.3253294927816146,-112.5144,210.3765,238.57443693658797,107.5,let,let,0.7875445554762098,1.087,1.087,0.7245120105576908,2,OXG-0134,19.0,29.0812162912764,27.455462623577187,103.5,2B_to_Home,False,False,True,False,False,let
y2_d080_YJD_RZQ,113,3545448,RZQ-0318,1B,3B,-52.2258,90.9378,29.58806932667287,-34.5021,185.4717,125.26763485154495,-56.3136,361.4535,297.90360340084845,122.4,cut_hold,cut_hold,0.5388645045967766,0.539,0.5309961845048258,0.9997486170626653,2,RZQ-0318,39.0,26.87822604749056,25.770163681010697,97.2,1B_to_3B,True,False,False,False,False,cut_relay
y1_d094_KQQ_YJD,307,10086381,YJD-0185,1B,3B,-4.005,126.2295,86.45101928404314,-17.6676,131.2821,81.78578882770529,59.3685,272.6802,242.5466888833777,95.5,cut_relay,cut_hold,2.2693021752345506,2.2880000000000003,2.1772535742293093,0.8947277321571377,0,YJD-0185,85.0,28.267858915206155,26.562182230902803,100.2,1B_to_3B,True,False,False,False,False,cut_relay
y1_d049_JZK_RZQ,75,2232560,JZK-1481,Home,2B,51.7305,32.4018,107.81866291829999,-31.9842,63.1275,71.4330827130539,-93.3732,212.7228,126.75548476527554,114.4,let,cut_relay,0.7768520068753815,1.2730000000000001,1.1931217234234714,0.7074055803057556,2,,,,26.51569023675358,100.0,Home_to_2B,False,False,False,True,False,let
y1_d007_JJS_YJD,131,4358159,YJD-0345,1B,3B,-32.9763,108.4914,54.33148792044996,-31.5057,38.5404,40.775031044132874,57.3282,261.4971,231.90674296287722,113.6,cut_hold,cut_hold,1.2448782323717387,1.253,1.2234078065220388,0.9917124820119783,1,YJD-0345,141.0,30.29178295214727,28.29335863307854,106.7,1B_to_3B,True,False,False,False,False,cut_hold
y2_d057_IAK_RZQ,141,5015073,RZQ-0143,1B,3B,-15.6693,123.9138,77.03323324987728,-13.8402,127.4664,80.95572504153118,191.7291,207.2778,292.9935064530441,110.5,cut_hold,cut_relay,0.8584976993440989,0.873,0.8584976993440989,0.9815492358067416,1,RZQ-0143,48.0,29.038316090897847,27.774208511022447,104.7,1B_to_3B,True,False,False,False,False,let
y1_d079_FBP_QEA,89,2740296,NA,1B,Home,-50.1069,94.872,107.2911823572189,-46.6149,200.1138,205.47136504255283,-71.6106,376.4163,383.16746852786184,94.3,cut_hold,cut_relay,2.7373502843049278,2.809,2.757635632649326,0.9539526248746323,0,NA,1947.0,30.909685920274246,26.612438623327908,100.4,1B_to_Home,False,True,False,False,False,let
y2_d010_JMJ_YJD,172,5365093,JMJ-2130,1B,Home,-47.8857,104.8416,115.2597126278302,-12.6039,151.0251,151.55012083538568,-99.6558,342.6129,356.812104223007,114.0,let,cut_hold,1.9455550521951275,2.253,2.2024676867622994,0.8206272183168771,1,JMJ-2130,5.0,27.65713483783193,27.446262887571788,103.5,1B_to_Home,False,True,False,False,False,let
y1_d048_STK_QEA,119,3989605,NA,2B,Home,-57.9282,51.9618,77.81841051113804,59.448,129.9138,142.86938137487684,209.4111,250.182,326.2576312168192,107.5,cut_hold,cut_relay,2.087774566075541,2.089,2.0651533842063605,0.9991964367708467,0,NA,1947.0,30.909685920274246,26.612438623327908,100.4,2B_to_Home,False,False,True,False,False,cut_hold
y1_d043_WJU_QEA,277,9443340,QEA-0263,1B,3B,-35.3268,114.243,57.98535076413697,68.8056,113.1483,141.39628258285296,232.1754,230.646,339.7024505551292,90.0,let,let,1.8908162404813176,2.539,2.508879718504579,0.9986281153789176,2,QEA-0263,44.0,27.428684397701595,24.03543769705148,90.6,1B_to_3B,True,False,False,False,False,let
y1_d089_CRQ_QEA,249,9125289,QEA-0201,2B,Home,-60.9981,64.2819,88.61676405297138,-0.39,-3.915,3.9343773332002616,-84.8739,264.7239,277.9969822361747,101.4,cut_hold,let,1.0533818678530402,1.087,1.087,0.9690725555225762,2,,,,26.51569023675358,100.0,2B_to_Home,False,False,True,False,False,cut_hold
y2_d013_RQJ_YJD,135,12611212,YJD-0366,1B,Home,-57.093,86.1864,103.38136289467266,-54.3468,200.1855,207.4314563427881,-76.6395,367.7982,375.6981885549756,94.5,cut_hold,cut_relay,1.4820454238714753,1.5390000000000001,1.532260836210612,0.9629924781491067,2,YJD-0366,85.0,28.824736775199312,26.68966730371655,100.7,1B_to_Home,False,True,False,False,False,cut_hold
y2_d030_IKJ_RZQ,113,3765764,IKJ-2252,Home,2B,22.038,17.994,111.21142693086894,0.0909,-2.8467,129.8467318175548,-98.9988,251.8593,159.34430393939408,105.7,let,let,1.3408213922171632,1.564,1.3966259270983725,0.6491109582775104,1,IKJ-2252,8.0,25.425974197265287,25.349465157120115,95.6,Home_to_2B,False,False,False,True,False,let
y2_d030_IKJ_RZQ,328,11504964,RZQ-0346,Home,2B,59.6028,79.4799,76.22764375113532,2.9316,129.5682,3.8974260480476017,-114.6621,302.2746,209.44828140037342,100.4,cut_hold,cut_hold,2.2529814081528627,2.253,2.2181204818847746,0.9649991898743443,1,RZQ-0346,58.0,30.354953979375427,26.81233507393977,101.1,Home_to_2B,False,False,False,True,False,cut_hold
y2_d093_QZE_RZQ,100,3414431,RZQ-0347,2B,Home,-58.9299,50.7441,77.7669389832209,-71.5254,78.5052,106.20239767632368,-122.4417,258.36,285.9053331067646,100.7,cut_relay,cut_hold,2.80122605050124,2.809,2.5409719030743725,0.9950038884969407,0,RZQ-0347,139.0,29.131157150549306,27.98336097523604,105.5,2B_to_Home,False,False,True,False,False,cut_relay
y1_d043_WJU_QEA,165,5417740,WJU-1224,Home,2B,60.5244,73.755,80.61161839561342,23.0931,203.2383,79.65908394213432,98.2428,368.4318,260.654871051895,110.6,cut_hold,cut_relay,0.564,0.564,0.5407112175221933,0.9511765566503007,1,,,,26.51569023675358,100.0,Home_to_2B,False,False,False,True,False,cut_hold
y1_d021_JFU_YJD,129,4537086,JFU-1902,Home,2B,55.0728,39.6813,103.23550101360482,-67.8441,74.1054,86.02709232544129,-6.696,241.7871,114.98223663857823,107.1,cut_relay,cut_hold,0.43279684158729387,0.539,0.33562633830732946,0.7754824112773351,2,JFU-1902,7.0,26.550992606868775,26.01264827283078,98.1,Home_to_2B,False,False,False,True,False,cut_relay
y2_d058_POW_YJD,84,2664059,YJD-0007,2B,Home,-43.4781,31.4883,53.68294157830772,-18.3846,130.8615,132.1466068403196,-81.3564,315.7401,326.05317751705775,106.7,let,cut_relay,2.149614950024036,2.539,2.5011441460873947,0.9999704304431236,2,YJD-0007,49.0,28.40211102242226,26.338062722676774,99.3,2B_to_Home,False,False,True,False,False,let
y1_d065_UEX_RZQ,117,4234553,UEX-2060,Home,2B,59.6901,82.0074,74.74785677710098,57.7017,167.0028,70.21189493761011,151.7838,316.0974,242.47917153685594,114.1,cut_hold,let,0.5334169674437967,0.539,0.5166238600263163,0.9685178604311087,2,,,,26.51569023675358,100.0,Home_to_2B,False,False,False,True,False,cut_hold
y1_d052_APZ_QEA,304,10893356,NA,2B,Home,-56.1009,47.469,73.48888992092614,5.6904,136.3857,136.50435823317147,-138.3936,279.5982,311.974264906899,107.1,cut_hold,cut_hold,1.5629022181002818,1.564,1.491844582831595,0.9991496654533553,1,NA,1947.0,30.909685920274246,26.612438623327908,100.4,2B_to_Home,False,False,True,False,False,cut_hold
y2_d094_QZE_RZQ,91,2882564,QZE-1638,1B,3B,-57.087,51.333,13.942885569350414,20.4795,204.0675,163.69475567806074,100.1394,358.2531,337.0765054938864,112.2,cut_relay,cut_hold,1.5351778080114953,1.5390000000000001,1.4534816415445702,0.9999711412880811,2,QZE-1638,8.0,28.409700475189815,27.89034934656634,105.2,1B_to_3B,True,False,False,False,False,cut_relay
y2_d077_MGJ_RZQ,109,3395390,RZQ-0279,2B,Home,-40.4538,27.1488,48.7192700671921,-7.4772,127.8528,128.07125746114934,64.776,258.1689,266.1712063751637,91.0,cut_hold,cut_hold,1.2357368565221556,1.236,1.236,0.9997709804370369,1,RZQ-0279,39.0,27.658460464205152,26.24103277037896,99.0,2B_to_Home,False,False,True,False,False,cut_hold
y2_d022_DMS_RZQ,51,3170807,DMS-1249,2B,Home,-39.5964,30.4635,49.95898042604553,12.966,198.8496,199.27187602910755,60.1845,362.4303,367.3933809941872,114.3,cut_hold,cut_hold,2.088995887458418,2.089,2.083961762561692,0.9999973032514219,0,DMS-1249,5.0,26.030705241502776,25.897575447382646,97.7,2B_to_Home,False,False,True,False,False,cut_hold
y1_d040_TKJ_YJD,286,4672384,YJD-0166,Home,2B,60.8403,70.7895,82.83213394776209,-65.3499,67.1775,88.59650634342192,-210.1881,240.0168,238.64583479258548,109.5,cut_hold,cut_hold,1.2362094744344063,1.253,1.1831920749746427,0.9427225044598556,1,YJD-0166,41.0,27.53236859788856,25.945734447110954,97.9,Home_to_2B,False,False,False,True,False,cut_hold
y1_d025_JIL_RZQ,70,2098702,RZQ-0244,Home,2B,41.2758,101.6523,48.43756353213898,109.3701,142.5099,110.46436426296037,232.3974,256.9107,266.24301211721973,108.7,let,cut_relay,1.3910848777519333,1.5390000000000001,1.4032901264259425,0.9957655933288367,2,RZQ-0244,11.0,28.95293429429908,28.53823060615357,107.6,Home_to_2B,False,False,False,True,False,cut_hold
y1_d091_DYE_RZQ,12,245649,DYE-0022,Home,2B,55.1601,98.193,62.22925261490773,-20.9904,189.2793,65.72144323316402,-17.4087,395.5398,269.1034875651559,107.5,let,cut_relay,2.1428285491429153,2.253,2.239837759083559,0.9877726525452012,1,DYE-0022,29.0,28.809682203731434,27.321123219818677,103.0,Home_to_2B,False,False,False,True,False,let
y1_d081_FBP_QEA,222,7203869,NA,2B,Home,-47.8752,42.6519,64.11879091693791,-41.7678,184.08,188.75909386527582,-83.9967,352.6293,362.4953362863859,115.1,cut_hold,cut_relay,2.0889641078747982,2.089,2.074014638002929,0.9999764641801955,0,NA,1947.0,30.909685920274246,26.612438623327908,100.4,2B_to_Home,False,False,True,False,False,cut_hold
y2_d077_MGJ_RZQ,240,7839969,MGJ-1146,2B,Home,-61.3572,61.143,86.62085453769203,38.7045,67.3497,77.6789573201134,5.3319,251.3487,251.40524686111866,113.8,let,cut_hold,1.1493996674930271,1.236,1.236,0.9246298237537225,1,,,,26.51569023675358,100.0,2B_to_Home,False,False,True,False,False,cut_relay
y1_d050_UPU_YJD,45,1351792,UPU-1189,1B,3B,-40.7553,110.4606,52.11408714013899,-112.0305,134.8848,86.12468877906034,-193.4124,253.1931,229.71994585009372,124.8,cut_hold,cut_relay,2.808713918103167,2.809,2.7600928264761895,0.9928860825924818,0,,,,26.51569023675358,100.0,1B_to_3B,True,False,False,False,False,cut_hold
y1_d056_WZR_YJD,207,7295707,YJD-0172,Home,2B,3.3384,126.6285,3.3590068189868263,29.8185,227.1762,104.5199214919816,72.8109,360.5733,244.65876978293667,97.0,cut_relay,cut_relay,3.2527872991320437,3.253,3.1705268444074717,0.9998708645157751,1,YJD-0172,32.0,28.553753071006273,25.884359719884834,97.6,Home_to_2B,False,False,False,True,False,cut_hold
y1_d081_FBP_QEA,259,8590119,QEA-0218,Home,2B,27.6993,117.4248,29.307604397664438,19.8186,129.4713,19.972086261830537,219.7221,228.5811,242.0671830414441,87.6,cut_relay,cut_hold,1.5671977722928847,1.809,1.5663829887032237,0.9990378696453405,0,QEA-0218,9.0,27.730222261280208,27.504497425960725,103.7,Home_to_2B,False,False,False,True,False,cut_relay
y1_d090_DYE_RZQ,269,8715652,RZQ-0333,1B,3B,-18.687,123.6123,74.94964293637429,-4.4745,134.3508,92.1985554490416,-53.9958,306.9432,243.4942663059646,94.4,cut_hold,cut_hold,0.8416490860001733,0.873,0.8416490860001733,0.9601133409671416,1,RZQ-0333,96.0,30.09452525842532,27.726508205325935,104.6,1B_to_3B,True,False,False,False,False,cut_hold
y2_d035_KNB_YJD,362,11903583,YJD-0327,1B,3B,-1.7799,125.8977,87.76498835697525,-62.3796,88.0023,24.39488203394311,-118.9665,235.3149,180.3698780069998,102.8,let,let,0.21765423461636216,0.316,0.21765423461636216,0.6887792234695005,2,YJD-0327,66.0,29.870568131858487,27.406927956210506,103.4,1B_to_3B,True,False,False,False,False,let
y2_d064_ESW_YJD,99,3121458,YJD-0019,Home,2B,53.1471,39.0321,102.77628942912855,-49.7064,145.3545,52.9869216996987,-103.5036,289.6473,192.78780928847652,92.1,cut_relay,cut_relay,2.2447357682496825,2.253,1.9416835584286873,0.779593415617082,1,YJD-0019,48.0,29.012389750587595,26.37868237736772,99.5,Home_to_2B,False,False,False,True,False,cut_relay
y2_d045_IHI_YJD,23,650037,YJD-0304,Home,2B,51.0417,93.7884,60.895529502993895,89.2977,130.6698,89.37307568462664,207.5004,220.2393,227.48622609874647,99.5,cut_hold,cut_relay,1.5389978270764517,1.5390000000000001,1.5329767128326188,0.9890279651429336,2,YJD-0304,23.0,30.026267015731406,26.76109131676137,100.9,Home_to_2B,False,False,False,True,False,cut_hold
y2_d006_DYE_RZQ,132,3934486,DYE-0122,1B,Home,-55.8165,81.2991,98.61554306020932,-92.5329,107.9349,142.1698991362799,-218.5326,210.4677,303.40262030188535,107.5,let,let,2.6147814016912547,2.809,2.8023550698368553,0.8751808494159734,0,DYE-0122,20.0,29.125123076306483,25.515917720994324,96.2,1B_to_Home,False,True,False,False,False,let
y2_d022_DMS_RZQ,76,4170642,DMS-1242,1B,3B,-10.6764,125.6085,81.51832871943586,-0.0558,130.3563,92.16298158875938,84.7575,256.1718,243.08498928870537,105.7,cut_hold,cut_hold,0.8181009566978084,0.873,0.8181009566978084,0.9301538889285094,1,,,,26.51569023675358,100.0,1B_to_3B,True,False,False,False,False,cut_relay
y2_d094_QZE_RZQ,344,11857564,RZQ-0347,1B,3B,-60.2076,60.5493,4.618852265444306,2.4942,88.6911,70.7197993552725,233.5866,234.672,342.9221438921085,114.9,cut_relay,cut_hold,2.5126767177898026,2.539,2.4382138158980173,0.9999887751697268,2,RZQ-0347,139.0,29.131157150549306,27.98336097523604,105.5,1B_to_3B,True,False,False,False,False,cut_relay
y2_d031_IKJ_RZQ,248,7725063,IKJ-2029,2B,Home,-46.5342,36.0774,58.881326075420546,-10.9146,164.9025,165.26331413659233,-44.3298,275.4447,278.98909284437985,109.2,cut_hold,cut_hold,1.0864402082437996,1.087,1.087,0.9994850121838083,2,,,,26.51569023675358,100.0,2B_to_Home,False,False,True,False,False,cut_hold
y2_d064_ESW_YJD,99,3121458,YJD-0278,1B,3B,-5.6001,126.8373,85.80517886060258,-49.7064,145.3545,82.89393656480551,-103.5036,289.6473,229.49598309828866,92.1,cut_relay,cut_relay,2.2447357682496825,2.253,1.9416835584286873,0.8742932063953316,2,YJD-0278,53.0,28.474552177163382,25.855216795839446,97.5,1B_to_3B,True,False,False,False,False,cut_relay
y1_d027_JIL_RZQ,361,12751759,JIL-1516,Home,2B,40.6104,110.4462,43.85467914145536,45.087,181.773,70.94306941484841,91.6605,359.2821,249.7130778326598,107.5,cut_relay,cut_relay,1.5347584884647048,1.5390000000000001,1.3973757230386932,0.9970343316091217,2,,,,26.51569023675358,100.0,Home_to_2B,False,False,False,True,False,cut_relay
y1_d051_JZK_RZQ,316,11423317,JZK-1356,Home,2B,60.8886,75.0849,80.01624346324938,6.2457,130.2933,7.060778525063643,-175.6188,219.4266,198.45563559899225,103.3,cut_hold,let,0.273,0.273,0.2603579075719029,0.9536919691278495,2,,,,26.51569023675358,100.0,Home_to_2B,False,False,False,True,False,cut_hold
y2_d013_RQJ_YJD,257,3271862,YJD-0019,Home,2B,51.7941,91.9599,62.53349024978535,-60.0801,192.2121,88.66925285813566,-109.3614,343.5762,242.62144632410383,114.9,let,let,3.6986307496885287,3.809,3.7959742033702453,0.9875343114233665,0,YJD-0019,48.0,29.012389750587595,26.37868237736772,99.5,Home_to_2B,False,False,False,True,False,cut_hold
y1_d050_UPU_YJD,45,1351792,UPU-1282,Home,2B,60.5103,76.3176,78.93162912198126,-112.0305,134.8848,112.30762663902216,-193.4124,253.1931,230.93950498208397,124.8,cut_hold,cut_relay,2.808713918103167,2.809,2.7600928264761895,0.9570613746437722,0,UPU-1282,8.0,25.381912766574548,24.477808937279875,92.3,Home_to_2B,False,False,False,True,False,cut_hold
y1_d095_WNA_RZQ,234,7560755,RZQ-0355,1B,3B,-25.9089,119.2626,67.21242100958722,49.5039,66.3795,113.17706025277384,177.7236,181.1643,268.45548699076727,93.1,cut_hold,cut_hold,1.2747533662247168,1.288,1.2747533662247168,0.9874081427991606,0,RZQ-0355,118.0,28.54847882637532,27.289533909611116,102.9,1B_to_3B,True,False,False,False,False,cut_hold
y2_d043_RZQ_YJD,125,3732101,RZQ-0385,1B,3B,-59.9676,47.8623,16.19945489977981,26.2185,204.3135,166.92388572190617,89.2785,380.1204,351.48813810199914,119.2,cut_relay,cut_relay,3.250336064129328,3.253,3.1112106714374503,0.9999734724195563,1,RZQ-0385,18.0,30.877510755402557,29.33893596859435,110.6,1B_to_3B,True,False,False,False,False,cut_relay
y2_d002_BEJ_RZQ,171,6141176,RZQ-0274,2B,Home,-53.7084,43.1271,68.88061399965886,-61.2705,80.6574,101.29012955372305,146.7255,161.7651,218.39487157041944,98.2,cut_hold,cut_hold,1.2750183135493527,1.316,1.3005026291686002,0.9688589008733683,2,RZQ-0274,76.0,28.71293292229131,27.011267188637134,101.9,2B_to_Home,False,False,True,False,False,cut_hold
y1_d090_DYE_RZQ,203,6596267,DYE-0418,1B,3B,10.6656,124.7796,96.2256352513196,-58.3491,74.1138,11.734313326735396,95.0943,248.4885,243.6504585440791,120.5,let,let,0.7037323545849979,0.873,0.7037323545849979,0.7846467615585215,1,,,,26.51569023675358,100.0,1B_to_3B,True,False,False,False,False,let
y1_d047_VHS_YJD,124,4430161,VHS-1194,1B,3B,-12.5694,126.8217,81.24120505783995,-0.9645,130.1364,91.37827703130543,113.9469,225.3321,240.1696114291315,106.3,cut_hold,cut_hold,2.271460337549831,2.2880000000000003,2.212235464724598,0.927980479776234,0,,,,26.51569023675358,100.0,1B_to_3B,True,False,False,False,False,cut_relay
y1_d011_GEA_YJD,32,1151373,GEA-1102,Home,2B,56.0136,83.88,70.68845581111529,0.8547,131.238,4.323326970054428,-179.8605,171.2151,185.21548134068058,107.1,cut_hold,cut_hold,1.5639439722288573,1.564,1.5530333253297468,0.9770090677772468,1,,,,26.51569023675358,100.0,Home_to_2B,False,False,False,True,False,cut_hold
y2_d030_IKJ_RZQ,328,11504964,RZQ-0231,1B,3B,-46.6443,101.9631,41.922712365733204,2.9316,129.5682,93.69261167135858,-114.6621,302.2746,244.0281274885541,100.4,cut_hold,cut_hold,2.2529814081528627,2.253,2.2181204818847746,0.9978220659318452,1,RZQ-0231,77.0,28.361250593018635,26.82909278895618,101.2,1B_to_3B,True,False,False,False,False,let
y1_d096_XAX_QEA,82,2738858,QEA-0365,Home,3B,15.3114,122.3778,98.40453602756328,11.6181,228.6246,181.33863309501922,42.804,367.4379,321.9060253869288,88.1,cut_relay,cut_relay,2.2326760883877723,2.253,2.1489763756840947,0.8547461664688849,1,QEA-0365,55.0,27.37405819421008,26.139178713666208,98.6,Home_to_3B,False,False,False,False,True,cut_relay
y1_d016_OXG_QEA,77,2321764,OXG-0018,2B,Home,-45.4212,33.6966,56.55569167643518,-0.5328,128.8323,128.8334017214868,26.5185,261.9432,263.2821127013569,107.1,cut_hold,cut_hold,1.3149927352154183,1.316,1.3134275112760314,0.9992346012275215,2,OXG-0018,11.0,26.333530224791353,25.56135159278554,96.4,2B_to_Home,False,False,True,False,False,cut_hold
y2_d088_DYE_RZQ,156,4732813,DYE-0311,2B,Home,-56.2077,87.5139,104.0095583708536,-54.5988,132.2454,143.0729701327263,-143.94,261.6204,298.6033444155641,94.6,let,cut_hold,1.128514352133776,1.236,1.236,0.9064528739197355,1,,,,26.51569023675358,100.0,2B_to_Home,False,False,True,False,False,cut_hold
y1_d058_KJH_RZQ,198,7106819,RZQ-0347,Home,2B,59.8752,49.2012,98.17175182546148,-56.7618,68.4036,81.58088031027859,-123.726,282.8877,199.02034591289905,103.5,cut_relay,cut_hold,1.6510399227454964,1.809,1.5059005136153443,0.8346487325369426,0,RZQ-0347,139.0,29.131157150549306,27.98336097523604,105.5,Home_to_2B,False,False,False,True,False,cut_relay
y1_d063_HCI_RZQ,232,8442307,RZQ-0274,Home,2B,61.9227,68.5245,85.16927189743963,-8.2584,117.4569,12.620298259946154,176.7645,174.9954,183.16453499902758,110.6,cut_hold,cut_hold,0.5341827161939556,0.539,0.49821070791724575,0.9326597301144262,2,RZQ-0274,76.0,28.71293292229131,27.011267188637134,101.9,Home_to_2B,False,False,False,True,False,cut_hold
y2_d003_GHD_YJD,11,310864,GHD-2483,2B,Home,-20.7702,15.2175,25.748272064159956,31.2975,165.0207,167.96239142956975,64.0839,278.0226,285.31265718500816,114.0,cut_hold,cut_hold,1.235995297146658,1.236,1.236,0.9999959070031835,1,GHD-2483,7.0,28.504472915842527,27.514271232880933,103.8,2B_to_Home,False,False,True,False,False,cut_hold
y2_d090_NYA_YJD,5,2704035,NYA-1183,2B,Home,-60.5769,50.8251,79.07434225853542,2.8908,134.5593,134.59034861805657,-127.5507,238.3314,270.31655017118356,102.3,cut_hold,cut_hold,1.4876993574774127,1.5030000000000001,1.5030000000000001,0.9879237233444456,0,NYA-1183,6.0,27.574391997830165,26.07589881542505,98.3,2B_to_Home,False,False,True,False,False,cut_hold
y2_d014_TEQ_YJD,69,2003509,YJD-0345,Home,2B,61.1079,74.622,80.48372709069828,96.6189,119.7819,96.88814584261586,212.5347,221.0553,232.41643264231553,105.6,cut_hold,cut_hold,1.5388912317396388,1.5390000000000001,1.512554337584791,0.9518311039753237,2,YJD-0345,141.0,30.29178295214727,28.29335863307854,106.7,Home_to_2B,False,False,False,True,False,cut_hold
y2_d080_YJD_RZQ,259,8853648,RZQ-0318,2B,Home,-48.3948,37.9941,61.52729720904373,6.0846,200.3559,200.44827018951798,64.9299,383.9151,389.36704524397027,122.4,cut_relay,cut_relay,2.252991691185308,2.253,2.066764725937123,0.9999951523834935,1,RZQ-0318,39.0,26.87822604749056,25.770163681010697,97.2,2B_to_Home,False,False,True,False,False,cut_relay
y2_d083_WMI_YJD,56,1780250,WMI-2100,Home,2B,45.2148,94.7301,55.549298690892584,-104.808,106.65,106.76534720591697,-223.6002,216.9015,240.99653346529698,122.4,let,let,1.3007647072351929,1.5390000000000001,1.5346457242442804,0.9927057515767612,2,,,,26.51569023675358,100.0,Home_to_2B,False,False,False,True,False,cut_hold
y2_d036_UKI_RZQ,104,3425299,UKI-1134,Home,2B,54.7803,87.4833,67.54591658257365,-64.7235,151.5909,69.23758961041322,-103.4208,296.6556,198.69294019667632,107.9,cut_hold,cut_hold,1.251516707010671,1.253,1.2345275605755712,0.981849105437187,1,UKI-1134,5.0,22.555293793697302,22.360272331886968,84.3,Home_to_2B,False,False,False,True,False,cut_hold
y2_d041_XLB_RZQ,118,4257617,RZQ-0143,1B,3B,-6.684,127.3119,85.42889900736166,28.3053,135.5727,116.74010245575425,156.7089,201.1296,259.7249080072414,113.9,cut_hold,cut_hold,0.2935405252518426,0.316,0.2935405252518426,0.9289257128222866,2,RZQ-0143,48.0,29.038316090897847,27.774208511022447,104.7,1B_to_3B,True,False,False,False,False,cut_hold
y1_d082_FBP_QEA,42,1235374,NA,1B,3B,-22.0725,110.7027,62.79135917895072,30.2052,129.2187,114.48793585670938,135.5607,130.3524,210.07489901044818,107.5,cut_hold,cut_hold,2.2339462236514356,2.253,2.2249081180548935,0.9734358451348841,1,NA,1947.0,30.909685920274246,26.612438623327908,100.4,1B_to_3B,True,False,False,False,False,cut_hold
y2_d057.5_IAK_RZQ,33,840506,RZQ-0279,2B,Home,-57.6033,77.658,96.68973645061817,-12.3804,137.9976,138.55183834911756,-28.6569,294.0834,295.4763342015228,104.2,cut_hold,cut_hold,1.041607803919028,1.087,1.087,0.9582408499715069,2,RZQ-0279,39.0,27.658460464205152,26.24103277037896,99.0,2B_to_Home,False,False,True,False,False,cut_hold
y1_d074_UWE_YJD,49,1481126,YJD-0223,Home,2B,49.26,100.1571,56.09892049237668,58.8129,198.591,92.65111163612663,109.4673,361.3281,258.6363242448748,86.9,let,cut_relay,2.6837353985689636,2.809,2.8014237282973777,0.9923707721400153,0,YJD-0223,39.0,26.820608951735768,24.57902821740516,92.7,Home_to_2B,False,False,False,True,False,let
y2_d090_NYA_YJD,249,997185,YJD-0345,1B,Home,-52.3323,92.9001,106.62597339907383,88.7073,127.209,155.08421826314242,195.8016,263.0643,327.9345856981999,99.4,let,cut_hold,1.3037965303101053,1.5390000000000001,1.5303776506268332,0.847171234769399,2,YJD-0345,141.0,30.29178295214727,28.29335863307854,106.7,1B_to_Home,False,True,False,False,False,let
y2_d083_WMI_YJD,56,1780250,WMI-2219,1B,3B,-54.3267,87.3738,25.495701977588304,-104.808,106.65,59.53708360341478,-223.6002,216.9015,221.5318328509246,122.4,let,let,1.3007647072351929,1.5390000000000001,1.5346457242442804,0.9992100526670697,2,,,,26.51569023675358,100.0,1B_to_3B,True,False,False,False,False,cut_hold
y1_d089_CRQ_QEA,220,7735939,CRQ-1849,Home,2B,45.6411,103.2051,51.471421927318076,-41.223,146.7015,45.689001206526726,-105.7521,368.2722,263.4307900516756,115.1,cut_hold,cut_hold,2.1776165858496053,2.253,2.2477866480028936,0.994652405971612,1,,,,26.51569023675358,100.0,Home_to_2B,False,False,False,True,False,cut_hold
y2_d063_KIR_RZQ,24,805737,RZQ-0415,2B,Home,-60.0306,69.8145,92.07462922330994,-92.4024,116.142,148.41552374923586,-209.0784,212.9517,298.4329135324219,102.0,cut_hold,cut_hold,1.5384183305569086,1.564,1.5436990004476518,0.9801846092617417,1,RZQ-0415,30.0,29.409197211926752,26.877310601377857,101.4,2B_to_Home,False,False,True,False,False,cut_hold
y1_d015_IXC_QEA,40,1213624,IXC-1653,1B,3B,-0.1365,125.4105,88.59057050555663,-63.2439,75.126,11.4928278160773,-9.6957,270.8682,214.1343372225249,108.9,cut_hold,cut_hold,1.2893778648907668,1.316,1.2529012997979838,0.800320568980961,2,,,,26.51569023675358,100.0,1B_to_3B,True,False,False,False,False,let
y2_d070_RDO_RZQ,111,3458422,RZQ-0231,Home,2B,60.975,80.6976,76.56280344109665,-26.7054,128.6115,26.753977674544025,164.154,152.085,166.0596065905252,89.5,cut_hold,cut_hold,2.088439938346958,2.089,2.0585809582018646,0.9643387552190674,0,RZQ-0231,77.0,28.361250593018635,26.82909278895618,101.2,Home_to_2B,False,False,False,True,False,cut_hold
y2_d043_RZQ_YJD,125,3732101,RZQ-0385,1B,3B,-59.9676,47.8623,16.19945489977981,26.2185,204.3135,166.92388572190617,89.2785,380.1204,351.48813810199914,119.2,cut_relay,cut_relay,3.250336064129328,3.253,3.1112106714374503,0.9999734724195563,2,RZQ-0385,18.0,30.877510755402557,29.33893596859435,110.6,1B_to_3B,True,False,False,False,False,cut_relay
y1_d058_KJH_RZQ,308,11052619,NA,1B,3B,-45.1587,106.1874,46.38792619259886,-53.2677,199.8417,136.5960749442677,-93.0564,352.4157,290.27009749447154,114.4,let,cut_hold,2.3011411293170485,2.539,2.537273982746945,0.9987000783449004,2,NA,1947.0,30.909685920274246,26.612438623327908,100.4,1B_to_3B,True,False,False,False,False,let
y1_d050_STK_QEA,73,2435627,STK-2096,Home,2B,54.6948,91.8261,65.02864282952552,17.4237,162.438,39.4897096176966,54.9021,322.7109,203.26582832148642,107.1,cut_hold,cut_hold,1.089,1.089,1.0762097392769672,0.9850055560105127,0,,,,26.51569023675358,100.0,Home_to_2B,False,False,False,True,False,cut_hold
y1_d004_CGA_QEA,236,9731624,CGA-1547,Home,2B,60.5856,70.0017,83.18305795202531,7.9743,150.3657,24.68897318601971,181.1247,259.7259,224.5491515924743,107.5,cut_hold,let,1.089,1.089,1.0389761383836353,0.9413553791132887,0,CGA-1547,6.0,27.34332950026386,27.269033561964605,102.8,Home_to_2B,False,False,False,True,False,cut_hold
y1_d056_OXG_QEA,193,6458759,QEA-0263,Home,2B,52.4223,91.7424,63.175912300892016,-78.2043,125.511,78.21847390156626,-217.335,230.7147,240.81370646433314,95.3,cut_hold,cut_hold,0.564,0.564,0.5577562212322491,0.9869103170487404,1,QEA-0263,44.0,27.428684397701595,24.03543769705148,90.6,Home_to_2B,False,False,False,True,False,cut_hold
y1_d050_UPU_YJD,45,1351792,UPU-1189,1B,3B,-40.7553,110.4606,52.11408714013899,-112.0305,134.8848,86.12468877906034,-193.4124,253.1931,229.71994585009372,124.8,cut_hold,cut_relay,2.808713918103167,2.809,2.7600928264761895,0.9928860825924818,0,,,,26.51569023675358,100.0,1B_to_3B,True,False,False,False,False,cut_hold
y1_d020_JFU_YJD,191,7338436,YJD-0345,Home,2B,59.0451,81.0165,74.83853356567057,-64.8594,151.3047,69.26370052523905,-123.1509,324.0186,232.34128543323934,100.0,cut_hold,cut_hold,0.564,0.564,0.5489030340893084,0.9683501762878582,1,YJD-0345,141.0,30.29178295214727,28.29335863307854,106.7,Home_to_2B,False,False,False,True,False,cut_hold
y2_d093_QZE_RZQ,32,1173631,QZE-1252,Home,2B,59.8011,54.5289,93.95867121463564,-24.9954,151.1799,34.77696917745996,-35.1231,353.091,228.80291177039248,109.2,cut_relay,cut_hold,1.089,1.089,0.9818873775832119,0.8744283441772707,0,QZE-1252,6.0,23.013189565116775,22.6001061735698,85.2,Home_to_2B,False,False,False,True,False,cut_relay
y1_d043_WJU_QEA,31,937149,QEA-0252,Home,2B,61.23,74.9145,80.38664198889016,-42.9135,184.98,72.13354893702375,-57.6177,368.2428,248.0279982282847,97.0,let,let,3.0241222770463945,3.253,3.2066221161536226,0.9520667592779622,1,QEA-0252,27.0,28.366511656705335,24.333188613001557,91.8,Home_to_2B,False,False,False,True,False,cut_hold
y1_d100_MRJ_YJD,38,976020,YJD-0284,Home,3B,18.5835,120.6879,100.07580550093014,-10.0425,129.9534,85.26522753039482,129.9696,264.5193,278.99313679847035,100.5,cut_hold,cut_relay,1.4962031816515713,1.5390000000000001,1.463492107852409,0.8603495022212231,2,YJD-0284,27.0,28.816289332424468,27.80349913399543,104.9,Home_to_3B,False,False,False,False,True,let
y1_d085_YJD_RZQ,179,5799631,YJD-0340,1B,3B,-58.9602,86.8905,23.716793170452032,54.1686,73.1694,118.19338263337757,232.5714,231.1425,340.2914647713193,120.5,let,cut_hold,1.3359466337398895,1.5390000000000001,1.5364833983704236,0.9999354392445329,2,YJD-0340,58.0,28.217347637579255,26.748808837180157,100.9,1B_to_3B,True,False,False,False,False,cut_relay
y1_d011_GEA_YJD,138,5009373,GEA-2400,Home,2B,-17.8989,121.7214,18.66103531881337,27.2898,218.6304,95.60786258566814,93.1503,356.766,247.93021829960543,124.8,cut_hold,cut_relay,1.7387076078942036,1.809,1.7383231367557235,0.9995775436913366,0,,,,26.51569023675358,100.0,Home_to_2B,False,False,False,True,False,cut_hold
y2_d009_JMJ_YJD,147,4500991,YJD-0397,2B,Home,-28.1031,18.8367,33.83201880615462,-101.7024,105.8418,146.78509731236343,-205.2501,204.0714,289.43520837653807,103.5,cut_hold,cut_relay,2.2529823684613417,2.253,2.2421271647740757,0.9999897132213194,1,YJD-0397,70.0,28.263914163646902,26.869455393422015,101.3,2B_to_Home,False,False,True,False,False,cut_hold
y1_d039_HMN_RZQ,29,1035945,HMN-2351,2B,Home,-13.6773,8.6223,16.168258798646193,7.53,204.8937,205.03201993759416,61.83,395.2734,400.0800040586382,107.5,cut_relay,cut_relay,2.252999989907614,2.253,2.12721186407101,0.9999999941117936,2,HMN-2351,8.0,26.80314888236082,26.70566890695999,100.7,2B_to_Home,False,False,True,False,False,cut_relay
y1_d039_HMN_RZQ,29,1035945,HMN-1883,Home,2B,5.4249,125.9829,5.51942319631318,7.53,204.8937,78.25681695347696,61.83,395.2734,275.30631312696045,107.5,cut_relay,cut_relay,2.252999989907614,2.253,2.12721186407101,0.9998466395349954,2,HMN-1883,11.0,25.992520167925235,25.60756027270071,96.6,Home_to_2B,False,False,False,True,False,cut_relay
y1_d056_KJH_RZQ,85,2762337,RZQ-0111,1B,3B,-52.5762,92.8875,31.27017631370185,16.8189,138.825,110.12002004272429,36.8076,225.708,190.67185678479137,86.8,cut_hold,cut_hold,0.8710941832264532,0.873,0.8710941832264532,0.9975752967257674,1,RZQ-0111,5.0,27.314127771905884,27.134868664033874,102.3,1B_to_3B,True,False,False,False,False,cut_hold
y2_d074.5_VZE_YJD,76,2371676,VZE-2373,Home,2B,44.7483,104.4387,50.11409592699444,-51.3435,188.9007,80.4229547625552,-90.9378,362.643,252.5812877428571,122.4,cut_relay,cut_hold,1.4328364761192773,1.5390000000000001,1.3990618396023182,0.9951912871527744,2,,,,26.51569023675358,100.0,Home_to_2B,False,False,False,True,False,cut_hold
y1_d074_UWE_YJD,49,1481126,YJD-0025,1B,Home,-43.8732,102.5712,111.56033680336395,58.8129,198.591,207.11673637688,109.4673,361.3281,377.5461370732059,86.9,let,cut_relay,2.6837353985689636,2.809,2.8014237282973777,0.9194957574350666,1,YJD-0025,60.0,27.481260039889,25.6673797041861,96.8,1B_to_Home,False,True,False,False,False,let
y2_d080_YJD_RZQ,149,4725748,RZQ-0347,2B,Home,-59.4732,63.1446,86.74273472401016,-56.2554,67.4706,87.84618314713508,-62.5338,272.955,280.02662046212674,102.3,cut_relay,cut_hold,2.774764756802252,2.809,2.4391144045020505,0.9779979156826814,0,RZQ-0347,139.0,29.131157150549306,27.98336097523604,105.5,2B_to_Home,False,False,True,False,False,cut_relay
y2_d057_IAK_RZQ,265,8960656,RZQ-0222,1B,3B,-49.4268,96.1533,35.48421805718706,-100.5003,121.8531,68.90171788642138,-214.0758,215.3601,213.65841585495758,106.8,cut_hold,cut_hold,1.2508054108681221,1.253,1.2422238276488142,0.9977606233348185,1,RZQ-0222,13.0,26.162311635251193,24.09491251494912,90.9,1B_to_3B,True,False,False,False,False,cut_hold
y1_d063_HCI_RZQ,232,8442307,RZQ-0355,1B,3B,-29.1186,115.7808,62.53311188962213,-8.2584,117.4569,77.22292628598065,176.7645,174.9954,264.9421611020224,110.6,cut_hold,cut_hold,0.5341827161939556,0.539,0.49821070791724575,0.9910625532355392,2,RZQ-0355,118.0,28.54847882637532,27.289533909611116,102.9,1B_to_3B,True,False,False,False,False,cut_hold
y2_d037_UKI_RZQ,110,3713735,UKI-1727,1B,3B,-56.1999,90.9348,28.29065561364741,-6.3519,203.5548,151.1888807440878,-9.4872,356.265,297.5935422230126,113.8,let,cut_hold,2.679482217188706,2.809,2.7518646326289753,0.9997746152876988,1,,,,26.51569023675358,100.0,1B_to_3B,True,False,False,False,False,let
y1_d079_FBP_QEA,89,2740296,NA,1B,3B,-50.1069,94.872,34.037958511197466,-46.6149,200.1138,137.53164041939584,-71.6106,376.4163,312.87784246579366,94.3,cut_hold,cut_relay,2.7373502843049278,2.809,2.757635632649326,0.9997222950342557,0,NA,1947.0,30.909685920274246,26.612438623327908,100.4,1B_to_3B,True,False,False,False,False,cut_hold
y1_d044_WJU_QEA,47,1242702,QEA-0263,Home,2B,58.7334,55.74,92.34500460533856,-56.6601,188.7501,83.80597700653576,-108.0843,318.6969,220.06798353258935,99.8,cut_relay,cut_relay,2.2528189210385015,2.253,2.130352771807579,0.8876525127434809,1,QEA-0263,44.0,27.428684397701595,24.03543769705148,90.6,Home_to_2B,False,False,False,True,False,cut_relay
y2_d071_XFE_RZQ,164,5181032,XFE-2310,1B,3B,-49.0923,97.2975,36.66691808074412,-6.5625,166.8174,117.9127511213694,40.4169,383.4846,336.3456653307279,113.8,let,cut_hold,2.728813893608523,2.809,2.7897481214500806,0.9997793635829435,0,XFE-2310,7.0,27.10393722708934,26.69962794375494,100.7,1B_to_3B,True,False,False,False,False,let
y2_d008_TSZ_RZQ,111,3024395,TSZ-2161,1B,3B,-5.0931,126.2511,85.71983051091503,-23.3922,132.8193,80.03537313794445,142.5864,203.9274,249.41909039951213,105.7,cut_hold,cut_hold,1.2953666563239963,1.316,1.2882546636540202,0.9121983027025955,2,,,,26.51569023675358,100.0,1B_to_3B,True,False,False,False,False,cut_hold
y1_d081_FBP_QEA,259,8590119,QEA-0218,Home,3B,27.6993,117.4248,105.99845487331407,19.8186,129.4713,106.29721526761651,219.7221,228.5811,327.8713866527849,87.6,cut_relay,cut_hold,1.5671977722928847,1.809,1.5663829887032237,0.8057813432071365,1,QEA-0218,9.0,27.730222261280208,27.504497425960725,103.7,Home_to_3B,False,False,False,False,True,cut_relay
y1_d022_AKX_YJD,262,8709662,YJD-0405,Home,2B,35.1909,113.037,37.85980469851898,15.612,213.5562,87.95288683403177,106.0233,368.6655,263.8998939619719,99.9,cut_hold,let,1.089,1.089,1.0874046395993777,0.9981297064471017,0,YJD-0405,25.0,26.674085714040885,25.85890800679202,97.5,Home_to_2B,False,False,False,True,False,cut_hold
y1_d065_IAQ_YJD,92,3175821,IAQ-2453,Home,2B,41.1933,32.4993,103.08865245690235,0.4812,0.2025,126.79841308033,90.3564,219.3033,129.16724899079486,116.3,let,let,1.6054945254126551,2.089,1.8988526065011002,0.777083946660141,0,IAQ-2453,11.0,26.897876232148885,24.20411054015412,91.3,Home_to_2B,False,False,False,True,False,let
y1_d090_DYE_RZQ,199,6459967,DYE-0238,1B,3B,-28.7988,108.4818,56.786408978557546,55.3827,71.5299,119.28392027972588,113.8998,185.2377,215.18917544646618,120.5,cut_hold,cut_hold,1.8408041214951103,1.873,1.8617934309042867,0.9857422785041814,1,DYE-0238,8.0,25.813939656898565,25.68915218031607,96.9,1B_to_3B,True,False,False,False,False,cut_hold
y2_d018_GIS_RZQ,91,3736176,RZQ-0409,2B,Home,-60.8613,68.6898,91.77356079901226,60.5466,152.1459,163.7506203297258,199.7793,202.9719,284.797052123262,110.2,cut_hold,cut_hold,1.5190113002349885,1.564,1.5361949856099268,0.9651520528543676,1,RZQ-0409,46.0,29.710082558283148,28.02679446251887,105.7,2B_to_Home,False,False,True,False,False,cut_hold
y1_d068_OWH_QEA,59,1819944,QEA-0120,2B,Home,-58.5294,71.7249,92.57511514640423,52.3398,71.85,88.8925034186798,131.5824,241.0305,274.60813884517336,100.7,cut_hold,cut_hold,1.0215034177029207,1.087,1.087,0.9397455544645086,2,QEA-0120,31.0,27.659783042533068,26.413740714446327,99.6,2B_to_Home,False,False,True,False,False,cut_hold
y1_d064_UEX_RZQ,30,9075548,UEX-2569,1B,Home,-60.6306,75.9129,97.15368260014645,65.9571,205.5525,215.87535592711828,133.0422,334.0995,359.6146588795985,102.4,cut_hold,cut_relay,3.7641238123159377,3.809,3.75015966546802,0.9711613474996006,0,,,,26.51569023675358,100.0,1B_to_Home,False,True,False,False,False,cut_hold
y1_d064_IAQ_YJD,248,2642716,YJD-0185,1B,Home,-40.9167,104.3715,112.10524676008701,27.0555,200.0694,201.89047747878055,89.4657,365.3148,376.11037552230596,91.7,cut_relay,let,3.6724533507412245,3.809,3.6654997250096257,0.9122523490651425,0,YJD-0185,85.0,28.267858915206155,26.562182230902803,100.2,1B_to_Home,False,True,False,False,False,let
y2_d082_WMI_YJD,164,4689666,YJD-0345,2B,Home,-60.3798,57.4881,83.37026981874294,-45.0084,115.6761,124.12379377770405,-59.9751,261.3483,268.14165385650176,102.2,cut_hold,cut_hold,1.8360048842749517,1.873,1.8010207038090993,0.9762394889370274,1,YJD-0345,141.0,30.29178295214727,28.29335863307854,106.7,2B_to_Home,False,False,True,False,False,cut_hold
y1_d021_JFU_YJD,58,2154636,YJD-0327,Home,2B,33.972,111.9522,37.155525414667466,-88.1355,122.7336,88.23870199186975,-196.5816,256.173,235.22327560758097,114.8,cut_hold,cut_relay,1.089,1.089,1.087495713795329,0.9982364757272321,1,YJD-0327,66.0,29.870568131858487,27.406927956210506,103.4,Home_to_2B,False,False,False,True,False,cut_hold
y2_d052_PTB_YJD,346,11092801,YJD-0345,1B,3B,-45.6108,28.2564,39.71210396843764,115.0608,154.1082,200.2959588505969,199.2123,257.9136,326.85403970618137,88.5,cut_hold,cut_relay,2.5379558359404846,2.539,2.4952213958021927,0.9996511509191467,2,YJD-0345,141.0,30.29178295214727,28.29335863307854,106.7,1B_to_3B,True,False,False,False,False,let
y1_d045_VHS_YJD,38,1170526,YJD-0338,2B,Home,-26.2233,25.4673,36.554682766781056,-52.5987,136.8285,146.59011444821235,-158.2698,166.5825,229.78045804264994,100.0,cut_hold,cut_hold,1.235739830873892,1.236,1.236,0.999773569080846,1,YJD-0338,19.0,29.345793602831733,27.801495156248425,104.8,2B_to_Home,False,False,True,False,False,cut_hold
y1_d008_JJS_YJD,231,7693108,YJD-0281,1B,3B,-30.3195,115.4319,61.584548596705645,26.7255,168.1407,138.15324784723666,88.3377,319.059,297.21387393304843,112.0,cut_hold,cut_hold,0.5366492388416376,0.539,0.5071799294130461,0.9956386620438545,2,YJD-0281,16.0,26.801666863275496,26.44255914518328,99.7,1B_to_3B,True,False,False,False,False,cut_hold
y1_d071_ACN_QEA,107,3417465,ACN-1623,1B,3B,-61.146,68.8923,5.81435218145582,12.7242,167.7981,129.15262613377246,85.9197,379.8027,349.7527079743344,114.7,cut_relay,cut_relay,2.2390354275371607,2.253,2.0833313383950247,0.9999890930047836,1,ACN-1623,7.0,28.393955012467,27.181675032076853,102.5,1B_to_3B,True,False,False,False,False,cut_hold
y2_d094_QZE_RZQ,262,8992514,QZE-1479,Home,2B,48.0912,100.7574,54.78537735746647,-89.3727,105.2691,91.97669009102252,-204.3027,209.6487,220.38693436540197,105.7,let,let,1.12271311089632,1.5390000000000001,1.5346372014701881,0.9931431874190365,2,QZE-1479,8.0,28.24568609628734,28.02862094214609,105.7,Home_to_2B,False,False,False,True,False,cut_hold
y1_d045_MHY_RZQ,277,10338684,MHY-1884,Home,2B,61.0521,69.3075,83.99871112499287,-59.9016,171.5034,74.6240865546775,-123.9297,296.0421,209.6039172212676,102.4,cut_hold,cut_hold,2.8089317661067765,2.809,2.745206594788403,0.9379015877523849,0,MHY-1884,6.0,26.38450267337078,25.141730608708084,94.8,Home_to_2B,False,False,False,True,False,cut_hold
y2_d045_IHI_YJD,23,650037,YJD-0366,2B,Home,-21.2253,10.6107,23.729734818998715,89.2977,130.6698,158.26773473241477,207.5004,220.2393,302.5917468548176,99.5,cut_hold,cut_relay,1.5389978270764517,1.5390000000000001,1.5329767128326188,0.9999985880938607,2,YJD-0366,85.0,28.824736775199312,26.68966730371655,100.7,2B_to_Home,False,False,True,False,False,cut_hold
y2_d056_IAK_RZQ,261,8782914,RZQ-0346,1B,3B,-15.5958,123.7116,76.92101325515675,78.5004,144.012,163.2897782966221,186.9831,204.435,287.4633372773127,110.5,cut_hold,cut_hold,0.3095731650237337,0.316,0.3095731650237337,0.9796619146320686,2,RZQ-0346,58.0,30.354953979375427,26.81233507393977,101.1,1B_to_3B,True,False,False,False,False,cut_hold
y1_d049_UPU_YJD,129,3898967,UPU-1731,1B,3B,-43.329,103.7604,44.96869152154641,91.4349,120.2643,165.08947864870132,201.7572,204.372,300.4016804078166,109.5,let,let,1.425513852272831,2.253,2.2031666871293463,0.9990617209034006,2,,,,26.51569023675358,100.0,1B_to_3B,True,False,False,False,False,let
y2_d071_XFE_RZQ,30,831879,RZQ-0415,2B,Home,-47.4642,38.6514,61.21095493128661,34.4148,135.0078,139.3251036959241,-135.6375,266.4414,298.9791816167306,97.1,cut_hold,cut_hold,1.2726369153253145,1.2730000000000001,1.2518125969712341,0.9997147803026822,2,RZQ-0415,30.0,29.409197211926752,26.877310601377857,101.4,2B_to_Home,False,False,True,False,False,cut_hold
y1_d058_KJH_RZQ,268,9753169,KJH-1215,2B,Home,-51.4974,39.4578,64.87603708304015,6.2892,146.4951,146.63003908016256,-43.6227,344.5332,347.28384047854865,107.5,cut_relay,cut_hold,2.0889203598902712,2.089,1.9927796371571753,0.9999477769772271,0,,,,26.51569023675358,100.0,2B_to_Home,False,False,True,False,False,cut_hold
y1_d040_TKJ_YJD,176,691934,YJD-0345,1B,3B,-44.8041,107.211,47.46812793664819,29.967,194.7873,161.12692123382112,75.4815,392.0412,356.6540900139658,105.9,cut_relay,cut_relay,1.4209615147277024,1.5390000000000001,1.3769533702112504,0.9996142890810136,2,YJD-0345,141.0,30.29178295214727,28.29335863307854,106.7,1B_to_3B,True,False,False,False,False,cut_hold
y2_d094_QZE_RZQ,238,8210764,RZQ-0231,Home,3B,16.8468,123.1527,100.09938279295233,-38.019,156.0675,95.9128687781259,-97.9206,350.0229,288.4273304469776,100.7,let,cut_relay,2.132997750678685,2.253,2.1502560819247982,0.8570459859834807,1,RZQ-0231,77.0,28.361250593018635,26.82909278895618,101.2,Home_to_3B,False,False,False,False,True,cut_relay
y2_d004_GHD_YJD,189,6028152,GHD-1081,Home,2B,26.1783,16.7013,113.36272144130979,-61.2819,76.0164,79.7169915173045,-102.4371,256.5447,165.1520171069672,102.3,let,cut_relay,1.6995048179907595,2.089,1.7563990313378817,0.6100809277114672,0,,,,26.51569023675358,100.0,Home_to_2B,False,False,False,True,False,let
y1_d099_MRJ_YJD,131,4565467,YJD-0223,2B,Home,-56.1015,43.9221,71.24976610951084,-0.9414,132.033,132.03635606513834,-152.898,189.2895,243.327584162277,106.7,cut_hold,cut_hold,1.297464643573321,1.316,1.2790182521825026,0.9859153826544992,2,YJD-0223,39.0,26.820608951735768,24.57902821740516,92.7,2B_to_Home,False,False,True,False,False,cut_hold
y1_d064_UEX_RZQ,30,9075548,UEX-2073,2B,Home,-39.66,22.2618,45.48080187551666,65.9571,205.5525,215.87535592711828,133.0422,334.0995,359.6146588795985,102.4,cut_hold,cut_relay,3.7641238123159377,3.809,3.75015966546802,0.9999979210022666,1,,,,26.51569023675358,100.0,2B_to_Home,False,False,True,False,False,cut_hold
y1_d044_WJU_QEA,47,1242702,QEA-0071,2B,Home,-51.3882,42.1113,66.43875892075347,-56.6601,188.7501,197.07096991190764,-108.0843,318.6969,336.5262693700152,99.8,cut_relay,cut_relay,2.2528189210385015,2.253,2.130352771807579,0.9998943529979589,2,QEA-0071,21.0,27.333516880196743,25.801600459080053,97.3,2B_to_Home,False,False,True,False,False,cut_relay
y1_d016_OXG_QEA,130,4180514,NA,2B,Home,-61.5279,62.0355,87.37325528249477,25.4841,63.7191,68.62625632817223,45.9588,276.1905,279.9882204445215,118.8,cut_hold,cut_hold,1.2084422419169212,1.236,1.236,0.976015876341968,1,NA,1947.0,30.909685920274246,26.612438623327908,100.4,2B_to_Home,False,False,True,False,False,cut_hold
y1_d081_FBP_QEA,222,7203869,FBP-2170,Home,2B,56.5044,90.9327,67.03429979234511,-41.7678,184.08,70.72959434946591,-83.9967,352.6293,240.7571943460465,115.1,cut_hold,cut_relay,2.0889641078747982,2.089,2.074014638002929,0.9824321664747117,0,,,,26.51569023675358,100.0,Home_to_2B,False,False,False,True,False,cut_hold
y1_d057_OXG_QEA,12,281177,OXG-0171,1B,3B,-23.3235,106.5132,58.85177525351296,1.9713,131.8293,94.62887150431415,-7.5822,227.49,173.17418814834966,107.1,cut_hold,cut_hold,0.30388494776433106,0.316,0.30388494776433106,0.9616612271023135,2,OXG-0171,13.0,27.568403080519566,27.090146839331357,102.2,1B_to_3B,True,False,False,False,False,cut_hold
y2_d036_UKI_RZQ,57,1550119,RZQ-0143,Home,2B,21.1836,116.4651,23.658593089404107,-63.5292,66.3915,87.80290157443545,-128.3844,242.3553,172.59605847599764,92.3,cut_hold,cut_hold,3.8082454740753144,3.809,3.7863006239565915,0.9993850785449541,0,RZQ-0143,48.0,29.038316090897847,27.774208511022447,104.7,Home_to_2B,False,False,False,True,False,cut_hold
y1_d045_MHY_RZQ,67,2140910,RZQ-0214,1B,3B,-17.1666,124.3812,76.48052225893859,-13.6746,128.5656,81.926032080896,-193.5504,246.6261,224.41173057879573,103.8,cut_relay,cut_hold,1.7282005972764367,1.809,1.6017580212070643,0.9351008813465356,0,RZQ-0214,38.0,27.797015514079927,26.2153404843715,98.9,1B_to_3B,True,False,False,False,False,cut_relay
y1_d014_IXC_QEA,285,10173574,QEA-0263,Home,2B,52.2354,94.5414,61.4987619966451,29.2902,200.9229,79.5142186055425,116.9649,369.0846,268.8600777154727,90.9,cut_hold,cut_relay,1.2729995968701886,1.2730000000000001,1.2698435212690509,0.9884378068463394,2,QEA-0263,44.0,27.428684397701595,24.03543769705148,90.6,Home_to_2B,False,False,False,True,False,cut_hold
y1_d065_UEX_RZQ,117,4234553,UEX-1422,1B,3B,-11.9025,123.4611,79.09066260602448,57.7017,167.0028,159.39785626767383,151.7838,316.0974,331.8767126828877,114.1,cut_hold,cut_hold,0.5334169674437967,0.539,0.5166238600263163,0.9896418690979532,2,,,,26.51569023675358,100.0,1B_to_3B,True,False,False,False,False,cut_hold
y2_d098_YJD_RZQ,37,1122413,YJD-0304,1B,3B,-24.1035,121.122,69.76614620466005,6.9225,129.7152,96.66953222856725,-17.2077,251.3637,193.3808315862252,105.8,cut_hold,cut_hold,0.821200104716423,0.873,0.821200104716423,0.9340968253389607,1,YJD-0304,23.0,30.026267015731406,26.76109131676137,100.9,1B_to_3B,True,False,False,False,False,cut_relay
y1_d081_FBP_QEA,222,7203869,NA,2B,Home,-47.8752,42.6519,64.11879091693791,-41.7678,184.08,188.75909386527582,-83.9967,352.6293,362.4953362863859,115.1,cut_hold,cut_relay,2.0889641078747982,2.089,2.074014638002929,0.9999764641801955,0,NA,1947.0,30.909685920274246,26.612438623327908,100.4,2B_to_Home,False,False,True,False,False,cut_hold
y2_d005_NSO_YJD,283,9473292,YJD-0366,2B,Home,-60.6192,59.9673,85.2687778611257,2.8062,2.5305,3.778649056210434,-172.1865,170.7744,242.51203367587763,106.6,let,let,1.1300877496630226,1.236,1.236,0.9078222364343104,1,YJD-0366,85.0,28.824736775199312,26.68966730371655,100.7,2B_to_Home,False,False,True,False,False,let
y2_d057_IAK_RZQ,144,5113809,RZQ-0385,1B,3B,-50.8971,96.453,35.20048961889593,-88.6467,115.965,57.993453681342345,-199.299,230.916,215.3708997450677,106.8,cut_hold,cut_relay,1.2509310088879733,1.253,1.2360001307086652,0.9978887845795645,2,RZQ-0385,18.0,30.877510755402557,29.33893596859435,110.6,1B_to_3B,True,False,False,False,False,cut_hold
y1_d081_FBP_QEA,259,8590119,QEA-0218,Home,3B,27.6993,117.4248,105.99845487331407,19.8186,129.4713,106.29721526761651,219.7221,228.5811,327.8713866527849,87.6,cut_relay,cut_hold,1.5671977722928847,1.809,1.5663829887032237,0.8057813432071365,0,QEA-0218,9.0,27.730222261280208,27.504497425960725,103.7,Home_to_3B,False,False,False,False,True,cut_relay
y1_d081_FBP_QEA,222,7203869,FBP-2170,Home,2B,56.5044,90.9327,67.03429979234511,-41.7678,184.08,70.72959434946591,-83.9967,352.6293,240.7571943460465,115.1,cut_hold,cut_relay,2.0889641078747982,2.089,2.074014638002929,0.9824321664747117,0,,,,26.51569023675358,100.0,Home_to_2B,False,False,False,True,False,cut_hold
y2_d009_TSZ_RZQ,250,8365936,TSZ-1991,1B,3B,-46.0878,94.9389,35.88454912702681,-83.9514,111.3321,51.837142787483955,-139.1538,206.6931,161.76069797713532,107.9,cut_hold,cut_hold,2.252751760469161,2.253,2.238630854649408,0.9935558214949425,1,TSZ-1991,14.0,26.774998302520952,25.086382474828273,94.6,1B_to_3B,True,False,False,False,False,cut_hold
y2_d065_ESW_YJD,252,8156087,ESW-1908,1B,3B,-4.4571,124.1118,84.61355829682381,-54.7896,78.0984,16.952135874868393,20.4318,260.0313,213.62961000509736,114.0,cut_relay,let,1.1056529275714049,1.253,0.9753409718332089,0.8496458444606173,1,ESW-1908,9.0,27.999270622285866,27.575110207388263,104.0,1B_to_3B,True,False,False,False,False,cut_relay
y1_d009_GEA_YJD,44,1475141,YJD-0066,Home,2B,52.9182,92.4573,63.19441442508982,-112.9785,120.4122,113.17040501425274,-223.5621,215.9244,240.59834054242768,94.5,let,cut_hold,1.3999347095931878,1.5390000000000001,1.5317791070012723,0.9868922165121162,2,YJD-0066,8.0,30.26543865880685,26.931878974053117,101.6,Home_to_2B,False,False,False,True,False,cut_hold
y1_d079_FBP_QEA,89,2740296,NA,1B,Home,-50.1069,94.872,107.2911823572189,-46.6149,200.1138,205.47136504255283,-71.6106,376.4163,383.16746852786184,94.3,cut_hold,cut_relay,2.7373502843049278,2.809,2.757635632649326,0.9539526248746323,0,NA,1947.0,30.909685920274246,26.612438623327908,100.4,1B_to_Home,False,True,False,False,False,let
y1_d040_TKJ_YJD,115,11180834,YJD-0209,1B,3B,-13.9962,123.3828,77.6769530187687,-96.0615,122.3034,67.0264735892468,-208.5093,238.1379,226.79645320617342,109.5,cut_relay,cut_hold,2.8074193936719483,2.809,2.651278294196885,0.9314131304551723,0,YJD-0209,6.0,24.918724385088414,24.330379445185194,91.8,1B_to_3B,True,False,False,False,False,cut_hold
y1_d062_HCI_RZQ,67,2365218,RZQ-0239,2B,Home,-60.8547,50.3247,78.967524604612,29.8263,200.9439,203.14541372844232,95.4276,363.0672,375.3987460788861,96.7,cut_relay,cut_relay,2.2528280487945143,2.253,2.069559107770159,0.9998996784098683,2,RZQ-0239,15.0,27.9015341836251,25.131317732267867,94.8,2B_to_Home,False,False,True,False,False,cut_relay
y2_d057_IAK_RZQ,109,3668865,IAK-2540,1B,3B,3.8037,125.6331,91.60675257479659,-16.6995,117.4062,71.37376830944265,125.5422,215.214,242.41407193651114,105.7,cut_hold,cut_hold,0.26631911706204536,0.316,0.26631911706204536,0.8427820160191309,2,IAK-2540,9.0,27.4227528153106,26.181133824731184,98.7,1B_to_3B,True,False,False,False,False,let
y1_d066_IAQ_YJD,264,10131021,IAQ-1669,2B,Home,-58.7256,59.9709,83.93571910795785,-50.4663,94.7868,107.38428604749393,-109.512,195.5406,224.11828214663794,122.4,let,cut_hold,1.2958052291522977,1.5030000000000001,1.5030000000000001,0.8364682155898167,0,IAQ-1669,9.0,27.71072198626373,24.906259591291438,93.9,2B_to_Home,False,False,True,False,False,let
y1_d022_AKX_YJD,199,6460662,YJD-0020,2B,Home,-38.2485,28.1898,47.51434074350606,11.6337,220.9644,221.27044322062088,93.5544,380.0667,391.4117042300217,101.2,cut_hold,cut_hold,1.5639991667501407,1.564,1.5611182012730789,0.9999993545702097,1,YJD-0020,23.0,27.709035915940042,25.369497135228844,95.7,2B_to_Home,False,False,True,False,False,cut_relay
y2_d067_HKR_RZQ,4,11347265,RZQ-0355,2B,Home,-60.4854,60.729,85.71169730066019,-46.5114,66.6219,81.25138700089987,-141.453,260.8119,296.70153081945836,107.9,cut_relay,cut_hold,2.794914779688561,2.809,2.6794932560732048,0.9909478018564017,0,RZQ-0355,118.0,28.54847882637532,27.289533909611116,102.9,2B_to_Home,False,False,True,False,False,cut_relay
y1_d094_KQQ_YJD,22,590331,YJD-0193,1B,Home,-57.9372,81.1203,99.6856168959695,-90.8682,109.3479,142.1759227353563,-215.0223,202.7679,295.5493372817811,111.5,let,cut_hold,2.5554084290703845,2.809,2.802074741703802,0.8370234119989617,0,YJD-0193,34.0,29.998663737240033,28.394677012646664,107.1,1B_to_Home,False,True,False,False,False,let
y1_d025_JIL_RZQ,187,6386802,RZQ-0381,1B,3B,-53.4174,90.834,29.051939466410847,-41.7114,193.9791,132.17089122333252,-67.3746,356.1246,292.50844171462813,97.4,cut_relay,cut_relay,2.712229107239578,2.809,2.685790763663582,0.9997333522574952,0,RZQ-0381,25.0,27.409484280080868,26.48451906420042,99.9,1B_to_3B,True,False,False,False,False,cut_hold
y2_d034_KNB_YJD,29,728082,KNB-1075,Home,2B,57.2517,48.9237,96.81769349958715,-5.8131,21.8649,105.29568549385107,58.6854,251.9715,138.06466595552243,110.1,let,cut_relay,1.2842472530391216,1.564,1.4923550457075747,0.8498009343974311,1,KNB-1075,17.0,26.748297802218634,25.856776589389085,97.5,Home_to_2B,False,False,False,True,False,let
y1_d081_FBP_QEA,68,2072269,FBP-1349,1B,3B,-60.3201,69.531,6.762071946526455,-87.3048,98.097,41.8008087007895,-188.4951,160.8264,158.22133971424336,106.0,let,cut_hold,3.4616728733304947,3.809,3.807853930809145,0.9994777039741769,0,FBP-1349,8.0,28.163748443699752,27.985556835145015,105.5,1B_to_3B,True,False,False,False,False,cut_hold
y2_d053_PTB_YJD,270,8078905,PTB-1121,1B,3B,-52.0161,94.1502,32.64946179112299,-66.0165,210.81,147.18918660095247,-113.9964,350.7699,291.51217212145707,122.4,let,cut_hold,2.705488372372148,2.809,2.795678460719687,0.9996256169802967,0,,,,26.51569023675358,100.0,1B_to_3B,True,False,False,False,False,let
y2_d043_RZQ_YJD,125,3732101,RZQ-0355,Home,3B,23.8143,121.7793,105.01634536099607,26.2185,204.3135,166.92388572190617,89.2785,380.1204,351.48813810199914,119.2,cut_relay,cut_relay,3.250336064129328,3.253,3.1112106714374503,0.8022337877633704,2,RZQ-0355,118.0,28.54847882637532,27.289533909611116,102.9,Home_to_3B,False,False,False,False,True,cut_relay
y1_d057_OXG_QEA,299,9033535,OXG-0086,1B,3B,-44.5818,98.9736,40.14571304884247,-32.8146,133.7496,76.5869525266543,-219.0414,230.4405,227.9736869075245,107.5,cut_hold,cut_hold,2.2529307669766845,2.253,2.226103309718501,0.9974468630288318,1,OXG-0086,14.0,27.668908878063714,26.042313830307634,98.2,1B_to_3B,True,False,False,False,False,cut_hold
y2_d050_DYE_RZQ,66,2263708,DYE-0023,2B,Home,-23.5974,12.6792,26.788045830183282,96.9129,140.2194,170.45113763999933,234.0372,244.9584,338.7890622709063,117.5,cut_hold,cut_hold,2.5250790387440674,2.539,2.5380953969244664,0.9999995871365533,2,,,,26.51569023675358,100.0,2B_to_Home,False,False,True,False,False,cut_hold
y2_d075_VZE_YJD,41,1318498,YJD-0185,Home,2B,24.7083,119.7618,25.74668188582754,57.5643,60.9483,87.61549924174375,202.1934,181.0869,209.30256509457786,108.0,let,cut_hold,2.0538225320852157,2.253,2.1308704978974062,0.999273198687246,2,YJD-0185,85.0,28.267858915206155,26.562182230902803,100.2,Home_to_2B,False,False,False,True,False,cut_hold
y2_d043_RZQ_YJD,57,1520651,RZQ-0347,Home,2B,61.6287,67.4736,85.68248923000544,-70.5048,140.1105,71.71340204794359,-163.2828,289.1733,230.13355254879718,100.3,cut_relay,cut_hold,1.2274826929412126,1.253,1.1627865580919503,0.9296559958887044,1,RZQ-0347,139.0,29.131157150549306,27.98336097523604,105.5,Home_to_2B,False,False,False,True,False,let
y2_d043_RZQ_YJD,125,3732101,RZQ-0385,1B,Home,-59.9676,47.8623,76.72621984074284,26.2185,204.3135,205.98887354539323,89.2785,380.1204,390.4640432337016,119.2,cut_relay,cut_relay,3.250336064129328,3.253,3.1112106714374503,0.9984457803292263,2,RZQ-0385,18.0,30.877510755402557,29.33893596859435,110.6,1B_to_Home,False,True,False,False,False,cut_relay
y1_d049_UPU_YJD,129,3898967,UPU-1095,Home,2B,61.035,72.813,81.61802615844124,91.4349,120.2643,91.68266244225241,201.7572,204.372,216.08422926220229,109.5,let,let,1.425513852272831,2.253,2.2031666871293463,0.9477627064091244,2,UPU-1095,8.0,28.824206110316386,25.706407324232945,96.9,Home_to_2B,False,False,False,True,False,let
y2_d057_IAK_RZQ,144,5113809,RZQ-0347,Home,2B,54.9384,90.7794,65.8039486575084,-88.6467,115.965,89.33089412901899,-199.299,230.916,224.7634900445355,106.8,cut_hold,cut_relay,1.2509310088879733,1.253,1.2360001307086652,0.9840413556481947,2,RZQ-0347,139.0,29.131157150549306,27.98336097523604,105.5,Home_to_2B,False,False,False,True,False,cut_hold
y1_d062_HCI_RZQ,67,2365218,RZQ-0258,Home,3B,25.0614,118.2294,104.1534490754867,29.8263,200.9439,166.09729134124976,95.4276,363.0672,339.05626298536356,96.7,cut_relay,cut_relay,2.2528280487945143,2.253,2.069559107770159,0.8134616551518001,1,RZQ-0258,20.0,27.28059068935275,26.33612635021064,99.3,Home_to_3B,False,False,False,False,True,cut_relay
y1_d040_TKJ_YJD,21,7479384,TKJ-1568,1B,3B,6.6858,122.4156,91.6530921518745,45.6885,155.9355,143.07753224213783,108.5154,266.5128,266.07302518105814,107.1,let,cut_relay,0.790444021715343,0.873,0.790444021715343,0.8949669487472557,1,TKJ-1568,5.0,26.379074715008482,25.7731606360046,97.2,1B_to_3B,True,False,False,False,False,cut_hold
y1_d021_JFU_YJD,10,190598,JFU-1658,Home,2B,53.1897,45.7575,97.10555078027208,-58.362,69.7173,81.77671284228782,-86.3208,241.4733,143.37160432083473,119.2,cut_relay,cut_relay,0.9941681179965616,1.253,0.8775087642210264,0.84682899785137,1,,,,26.51569023675358,100.0,Home_to_2B,False,False,False,True,False,cut_relay
y1_d058_KJH_RZQ,18,588119,RZQ-0347,1B,3B,-46.323,102.987,42.989125345836,-42.5685,184.5933,122.77503367191557,-72.7167,351.0255,287.52880219751904,103.5,let,let,2.0121068293787103,2.253,2.241829529460767,0.9989852347419403,1,RZQ-0347,139.0,29.131157150549306,27.98336097523604,105.5,1B_to_3B,True,False,False,False,False,let
y2_d032_KNB_YJD,15,454902,KNB-2151,1B,3B,8.5194,122.3229,93.00893376859021,-14.8212,109.3929,66.90742179945362,163.2969,208.1202,269.0258068915508,116.3,let,cut_hold,0.7857371566725507,0.873,0.7857371566725507,0.8889785708302173,1,KNB-2151,8.0,27.372887187905125,27.021162843148673,101.9,1B_to_3B,True,False,False,False,False,cut_hold
y2_d045_IHI_YJD,212,6303487,YJD-0345,2B,Home,-59.8692,54.3882,80.88508767306864,25.7976,80.5596,84.58939246690451,6.5328,229.4931,229.58606321693395,116.1,let,cut_hold,0.987948633371224,1.087,1.087,0.9088763876460202,2,YJD-0345,141.0,30.29178295214727,28.29335863307854,106.7,2B_to_Home,False,False,True,False,False,cut_hold
y1_d063_HCI_RZQ,105,3510607,RZQ-0214,1B,Home,-57.5127,84.063,101.85430099063073,-2.9892,133.1991,133.23263698302304,125.1714,327.6351,350.7315756101381,96.7,let,cut_hold,3.7192488278227556,3.809,3.7998411872911544,0.9423195612523778,0,RZQ-0214,38.0,27.797015514079927,26.2153404843715,98.9,1B_to_Home,False,True,False,False,False,let
y1_d100_MRJ_YJD,82,2571870,MRJ-1291,1B,3B,-55.9689,48.3852,17.074972862350325,-60.0072,212.0898,148.4942435109186,-100.1454,354.0402,292.68570239969023,116.3,cut_hold,cut_hold,2.805817548246848,2.809,2.7534153450150898,0.9999083466677988,0,MRJ-1291,10.0,28.354227827609765,26.959692556424596,101.7,1B_to_3B,True,False,False,False,False,cut_hold
y1_d096_KQQ_YJD,106,3398067,YJD-0340,1B,3B,-9.6315,124.4187,81.30786214100085,22.851,66.0525,86.52463948061269,-27.8718,251.5509,191.28478891446127,107.8,cut_relay,cut_hold,1.8326559443196038,1.873,1.7392073737586726,0.8297803737387695,1,YJD-0340,58.0,28.217347637579255,26.748808837180157,100.9,1B_to_3B,True,False,False,False,False,cut_relay
y1_d045_MHY_RZQ,178,5929210,RZQ-0214,1B,3B,-22.2771,120.8757,70.617383489478,-1.0974,113.0025,79.67580072399649,162.6948,188.8308,258.65068740616175,114.7,cut_hold,cut_hold,0.856871147881268,0.873,0.856871147881268,0.9794798319100102,1,RZQ-0214,38.0,27.797015514079927,26.2153404843715,98.9,1B_to_3B,True,False,False,False,False,cut_hold
y1_d048_UPU_YJD,237,7901125,YJD-0210,1B,3B,-58.9344,84.7767,21.654162607914447,-60.8727,190.7097,127.0998292972103,-106.3176,362.9775,302.3645423127686,91.2,cut_hold,cut_hold,1.4861567119002372,1.5390000000000001,1.5378835376268778,0.9998862797135749,2,YJD-0210,41.0,28.827396859584805,27.536323339545532,103.8,1B_to_3B,True,False,False,False,False,cut_hold
y1_d091_DYE_RZQ,19,450449,DYE-0276,Home,2B,55.8432,48.6783,96.19122453285435,-60.1425,71.88,81.58023477687472,10.8561,256.5789,130.03286597018462,107.5,cut_relay,cut_hold,1.1168327802064324,1.253,0.9952231753018373,0.856038971434312,1,DYE-0276,5.0,25.776172223586656,24.681674466919283,93.1,Home_to_2B,False,False,False,True,False,cut_relay
y2_d065_ESW_YJD,252,8156087,ESW-2290,Home,2B,52.9368,45.2787,97.36876125292957,-54.7896,78.0984,73.43886403478747,20.4318,260.0313,134.59117813188945,114.0,cut_relay,cut_hold,1.1056529275714049,1.253,0.9753409718332089,0.8443413418726069,1,,,,26.51569023675358,100.0,Home_to_2B,False,False,False,True,False,cut_relay
y1_d045_WJU_QEA,16,847490,WJU-1579,Home,2B,38.9622,29.7231,104.78954290600757,47.9154,69.3915,74.93080027205102,33.0939,270.582,147.34651994943755,110.6,cut_relay,let,2.5596709960794706,2.809,2.3145746825888436,0.752925556773936,1,,,,26.51569023675358,100.0,Home_to_2B,False,False,False,True,False,cut_relay
y1_d074_UWE_YJD,49,1481126,YJD-0223,Home,2B,49.26,100.1571,56.09892049237668,58.8129,198.591,92.65111163612663,109.4673,361.3281,258.6363242448748,86.9,let,cut_relay,2.6837353985689636,2.809,2.8014237282973777,0.9923707721400153,0,YJD-0223,39.0,26.820608951735768,24.57902821740516,92.7,Home_to_2B,False,False,False,True,False,let
y1_d049_UPU_YJD,224,6765067,YJD-0345,2B,Home,-60.4167,52.7442,80.20055032560562,30.4656,209.1651,211.37216430119173,97.7022,365.5743,378.4049269041432,114.5,cut_hold,cut_hold,2.0888419960264613,2.089,2.083845484811843,0.999896390837024,0,YJD-0345,141.0,30.29178295214727,28.29335863307854,106.7,2B_to_Home,False,False,True,False,False,cut_hold
y2_d072_DYE_YJD,139,4202743,YJD-0397,1B,3B,-40.8093,104.172,46.519715030189076,94.1568,130.5495,171.39635725560214,210.5283,200.6613,306.5013758184129,94.1,cut_hold,let,1.807811452683592,1.809,1.75886618659687,0.9990453435209575,0,YJD-0397,70.0,28.263914163646902,26.869455393422015,101.3,1B_to_3B,True,False,False,False,False,cut_hold
y1_d016_OXG_QEA,77,2321764,OXG-0086,1B,3B,-36.4536,106.7904,51.00056240003634,-0.5328,128.8323,90.73342642670342,26.5185,261.9432,217.8364392210128,107.1,cut_hold,cut_hold,1.3149927352154183,1.316,1.3134275112760314,0.9918592128988335,2,OXG-0086,14.0,27.668908878063714,26.042313830307634,98.2,1B_to_3B,True,False,False,False,False,cut_hold
y1_d041_TKJ_YJD,219,7439680,TKJ-2441,2B,Home,-55.893,45.0672,71.7988855403759,33.9282,129.1041,133.487794917925,171.3954,167.9169,239.94263574189978,119.2,cut_hold,cut_hold,1.4806304197713511,1.5030000000000001,1.5030000000000001,0.9823444512796772,0,TKJ-2441,5.0,29.00282437367092,29.000319087267123,109.4,2B_to_Home,False,False,True,False,False,cut_hold
y1_d078_GAX_YJD,260,9427018,GAX-1096,1B,Home,-53.3112,44.9502,69.73237788488214,-55.041,192.1242,199.85299574096956,-67.1019,369.0162,375.06748838848995,97.9,cut_hold,cut_relay,2.807306253006325,2.809,2.807002520968372,0.9989114736544502,0,,,,26.51569023675358,100.0,1B_to_Home,False,True,False,False,False,cut_relay
y2_d057.5_IAK_RZQ,34,889806,RZQ-0222,1B,Home,-45.525,105.7023,115.08910395988839,-23.3043,195.9051,197.28633658847232,-54.8046,343.5648,347.9084879392856,104.2,let,let,2.2132216449018136,2.539,2.5251674541910782,0.7883189274500964,2,RZQ-0222,13.0,26.162311635251193,24.09491251494912,90.9,1B_to_Home,False,True,False,False,False,let
y2_d010_JMJ_YJD,189,5940053,YJD-0405,1B,Home,-53.0268,94.0236,107.94572189392223,-121.2876,134.2962,180.9589766996929,-221.1744,218.7888,311.105535503308,98.1,let,cut_relay,2.434506301140776,2.809,2.8012250452278638,0.7593228156431722,0,YJD-0405,25.0,26.674085714040885,25.85890800679202,97.5,1B_to_Home,False,True,False,False,False,let
y1_d073_PHS_RZQ,228,8265097,RZQ-0239,Home,2B,50.9376,93.189,61.137736421624254,-108.7623,122.7978,108.84344898123175,-208.0506,219.7815,227.80135843012437,96.0,let,let,3.3177779563825647,3.809,3.6680782917533263,0.9888220143141605,0,RZQ-0239,15.0,27.9015341836251,25.131317732267867,94.8,Home_to_2B,False,False,False,True,False,cut_hold
y2_d081_YJD_RZQ,154,7416803,YJD-0185,1B,Home,-63.471,71.4735,95.58780802618084,1.0167,2.2482,2.4674039251812827,61.5,205.5036,214.508693560331,105.7,let,let,0.7825417180717668,1.5390000000000001,1.5363554148162748,0.5084741507938705,2,YJD-0185,85.0,28.267858915206155,26.562182230902803,100.2,1B_to_Home,False,True,False,False,False,let
y2_d034_KNB_YJD,171,5787119,YJD-0278,Home,2B,43.7811,101.3481,50.742533350434925,-100.5957,114.0642,101.4240098799589,-215.5719,200.4384,227.73766193620676,102.8,let,let,2.2672512065761925,2.809,2.801540352848882,0.9949715591468321,0,YJD-0278,53.0,28.474552177163382,25.855216795839446,97.5,Home_to_2B,False,False,False,True,False,let
y1_d065_UEX_RZQ,186,6426253,RZQ-0214,Home,2B,43.1529,30.5949,105.62251693848239,-45.7041,68.9034,73.91941347420175,-150.4569,206.0022,169.93712473279638,102.5,let,cut_relay,1.1679083248966988,1.2730000000000001,1.2020397591408751,0.740072377805403,2,RZQ-0214,38.0,27.797015514079927,26.2153404843715,98.9,Home_to_2B,False,False,False,True,False,cut_relay
y1_d054_APZ_QEA,163,5642129,APZ-1184,2B,Home,-47.3916,90.6426,102.28413701703701,-49.3695,160.5273,167.94749648488363,-115.0806,314.8017,335.17704995904774,107.1,let,cut_hold,3.061307463696122,3.809,3.6876589319109847,0.9848476729448962,0,,,,26.51569023675358,100.0,2B_to_Home,False,False,True,False,False,cut_relay
y1_d050_JZK_RZQ,114,3898846,RZQ-0381,1B,Home,-55.1172,86.3226,102.41824547706331,-114.7329,125.5389,170.06955564009684,-202.1661,209.2362,290.9483104945791,107.1,let,let,2.190878032429705,2.539,2.396636788639785,0.7738006414415227,2,RZQ-0381,25.0,27.409484280080868,26.48451906420042,99.9,1B_to_Home,False,True,False,False,False,let
y2_d013_RQJ_YJD,169,380662,RQJ-2493,2B,Home,-59.8098,69.4185,91.63045518980029,-18.2445,210.7965,211.5845603830771,11.0721,399.0762,399.22976442751605,114.0,cut_hold,cut_hold,1.272754890442751,1.2730000000000001,1.270033969887137,0.9998074551789088,2,RQJ-2493,7.0,26.963299224872316,25.25239438540827,95.2,2B_to_Home,False,False,True,False,False,cut_relay
y1_d083_YJD_RZQ,204,2886353,YJD-0060,2B,Home,-60.7569,57.3228,83.530259771235,1.5357,137.1756,137.18419591866257,-68.5065,243.654,253.10158485922207,113.0,cut_hold,cut_hold,1.035860663087836,1.087,1.087,0.9529536918931335,2,YJD-0060,13.0,27.21124442082721,27.117958703575862,102.3,2B_to_Home,False,False,True,False,False,cut_hold
y1_d074_UWE_YJD,49,1481126,YJD-0025,1B,Home,-43.8732,102.5712,111.56033680336395,58.8129,198.591,207.11673637688,109.4673,361.3281,377.5461370732059,86.9,let,cut_relay,2.6837353985689636,2.809,2.8014237282973777,0.9194957574350666,0,YJD-0025,60.0,27.481260039889,25.6673797041861,96.8,1B_to_Home,False,True,False,False,False,let
y1_d018_OXG_QEA,92,2525167,OXG-0079,1B,3B,-19.2099,122.2875,73.57691922240288,6.8538,132.2436,98.3657957391694,-101.1885,295.2165,234.60086360561422,107.1,cut_hold,cut_hold,1.3158960285692585,1.316,1.3027291859740988,0.9580037530825909,2,OXG-0079,12.0,27.779869349044834,26.972656194668367,101.7,1B_to_3B,True,False,False,False,False,cut_hold
y1_d073_PHS_RZQ,138,4747397,RZQ-0014,1B,Home,-47.1192,99.012,109.65215525761452,-61.3593,176.9232,187.26126773769852,-89.6487,310.845,323.5143017498454,96.0,let,let,2.2040651656561905,2.539,2.5052540058448414,0.7823750827992378,2,RZQ-0014,28.0,28.745830019848107,27.432808730458994,103.5,1B_to_Home,False,True,False,False,False,let
y2_d032_KNB_YJD,212,7083123,KNB-2032,2B,Home,-62.0931,66.7377,91.15631447628847,-47.3991,176.5047,182.7582660316627,-90.9696,347.3655,359.07973865759953,110.1,cut_hold,cut_relay,1.5372717399240456,1.5390000000000001,1.5005265147106,0.9988770239922323,2,KNB-2032,13.0,25.402839285630133,23.8035757503989,89.8,2B_to_Home,False,False,True,False,False,cut_hold
y2_d054_PTB_YJD,185,5752730,YJD-0185,1B,Home,-54.1491,91.5228,106.34165670446366,-45.5562,186.2136,191.7051699443706,-68.6424,377.8176,384.0024973193795,82.3,cut_hold,cut_hold,3.1827672748176776,3.253,3.239529486219029,0.9590241032595512,1,YJD-0185,85.0,28.267858915206155,26.562182230902803,100.2,1B_to_Home,False,True,False,False,False,let
y1_d022_AKX_YJD,12,328112,AKX-2076,2B,Home,-16.6935,8.7354,18.84091705331776,-67.8927,88.7814,111.76562843401366,136.5312,142.5453,197.3827021943159,99.0,cut_hold,cut_hold,1.27288905144442,1.2730000000000001,1.2717933829013863,0.9999128448110133,2,,,,26.51569023675358,100.0,2B_to_Home,False,False,True,False,False,cut_hold
y1_d056_WZR_YJD,207,7295707,YJD-0172,Home,3B,3.3384,126.6285,91.94377194138816,29.8185,227.1762,188.35758528047126,72.8109,360.5733,326.78468868614397,97.0,cut_relay,cut_relay,3.2527872991320437,3.253,3.1705268444074717,0.8851396300851385,1,YJD-0172,32.0,28.553753071006273,25.884359719884834,97.6,Home_to_3B,False,False,False,False,True,cut_relay
y2_d064_HKR_RZQ,231,8045330,HKR-2580,1B,3B,-33.7905,109.9896,55.12964783498984,42.1086,70.7898,105.99002803094263,-86.697,278.4198,216.01386005772872,114.3,cut_hold,cut_hold,1.7938949841441036,1.809,1.7777030337314772,0.9878674571438585,0,,,,26.51569023675358,100.0,1B_to_3B,True,False,False,False,False,cut_hold
y2_d088_DYE_RZQ,159,4826363,DYE-0280,1B,3B,-19.8627,120.1149,71.45534497362671,-0.3543,131.9961,93.15383100925051,195.243,261.1458,325.6208665344406,89.3,cut_hold,cut_hold,1.2471470458007645,1.253,1.225387586898641,0.9940275977558821,1,,,,26.51569023675358,100.0,1B_to_3B,True,False,False,False,False,cut_hold
y1_d057_WZR_YJD,159,1729331,YJD-0172,1B,3B,1.6425,126.507,90.63147629411098,-65.7825,75.2445,11.800623987738955,92.2392,209.4432,213.44061966476764,110.3,cut_relay,cut_hold,1.3872816833133808,1.5390000000000001,1.3575603077692149,0.7673095533426032,2,YJD-0172,32.0,28.553753071006273,25.884359719884834,97.6,1B_to_3B,True,False,False,False,False,cut_relay
y1_d021_JFU_YJD,20,593748,YJD-0327,2B,Home,-60.0315,66.0918,89.28553645182404,-55.9098,164.634,173.86851265263644,-84.084,348.054,358.0666222534572,107.9,let,let,2.5219773761308897,3.253,3.160646773134151,0.9990900737717467,1,YJD-0327,66.0,29.870568131858487,27.406927956210506,103.4,2B_to_Home,False,False,True,False,False,cut_hold
y2_d066_HKR_RZQ,138,4653308,HKR-1856,1B,3B,-37.4271,113.8653,56.65418683998562,-84.9789,122.1759,62.304094905712255,-177.7191,229.7199,201.48591573809819,112.2,cut_hold,cut_hold,0.5290844221051112,0.539,0.5041545189446357,0.9816037515864771,2,HKR-1856,9.0,28.162718300086016,27.677277017007484,104.4,1B_to_3B,True,False,False,False,False,cut_hold
y1_d014_IXC_QEA,285,10173574,QEA-0369,2B,Home,-34.8579,21.432,40.91947966934575,29.2902,200.9229,203.0466142550769,116.9649,369.0846,387.1746760690451,90.9,cut_hold,cut_relay,1.2729995968701886,1.2730000000000001,1.2698435212690509,0.9999996833230075,2,QEA-0369,37.0,26.93573080538191,25.071702391044358,94.6,2B_to_Home,False,False,True,False,False,cut_hold
y2_d055_IAK_RZQ,74,2197317,IAK-2514,Home,2B,51.2754,92.1348,62.006038546257734,-94.7436,111.5685,95.99208786775085,-197.3112,212.9022,215.1996691686119,127.8,cut_hold,cut_hold,1.2495507548299916,1.253,1.2384061512924291,0.9880763398042338,1,IAK-2514,5.0,24.763826241717975,24.486131584096594,92.3,Home_to_2B,False,False,False,True,False,cut_hold
y2_d017_GIS_RZQ,116,4093998,RZQ-0355,2B,Home,14.3253,-4.6008,15.045982212205356,-61.9071,168.6261,179.6308732696582,-70.494,222.1776,233.0928784363864,120.6,cut_hold,cut_hold,2.088984484732745,2.089,2.0888866327631117,0.9999898260542591,0,RZQ-0355,118.0,28.54847882637532,27.289533909611116,102.9,2B_to_Home,False,False,True,False,False,cut_hold
y1_d027_JIL_RZQ,361,12751759,JIL-1516,Home,3B,40.6104,110.4462,114.27583409715284,45.087,181.773,160.55206700008569,91.6605,359.2821,333.94984143230255,107.5,cut_relay,cut_relay,1.5347584884647048,1.5390000000000001,1.3973757230386932,0.739439170779642,2,,,,26.51569023675358,100.0,Home_to_3B,False,False,False,False,True,cut_relay
y2_d008_TSZ_RZQ,262,7637845,RZQ-0355,2B,Home,0.5139,0.1062,0.5247586588137446,66.6822,163.2663,176.35872678302596,214.1556,263.3286,339.4179909629423,86.8,cut_relay,cut_hold,2.2529999812936388,2.253,2.1348924189883647,0.999999989086137,2,RZQ-0355,118.0,28.54847882637532,27.289533909611116,102.9,2B_to_Home,False,False,True,False,False,cut_hold
y1_d025_JIL_RZQ,82,2463902,RZQ-0333,1B,Home,-50.5935,98.1909,110.45883887249585,-38.3517,179.2236,183.2810729176638,-63.8556,334.3059,340.34977953007404,117.4,let,let,3.551333631608233,3.809,3.7999125992448866,0.8344055582578603,0,RZQ-0333,96.0,30.09452525842532,27.726508205325935,104.6,1B_to_Home,False,True,False,False,False,let
y2_d043_RZQ_YJD,125,3732101,RZQ-0385,1B,Home,-59.9676,47.8623,76.72621984074284,26.2185,204.3135,205.98887354539323,89.2785,380.1204,390.4640432337016,119.2,cut_relay,cut_relay,3.250336064129328,3.253,3.1112106714374503,0.9984457803292263,2,RZQ-0385,18.0,30.877510755402557,29.33893596859435,110.6,1B_to_Home,False,True,False,False,False,cut_relay
y2_d013_RQJ_YJD,209,1630812,RQJ-1369,1B,3B,-47.5896,91.1994,31.892567606262123,-54.291,57.4785,11.196780039368466,-186.9141,181.8987,170.8262973212848,102.3,cut_hold,let,1.804283848125021,1.809,1.782322070257808,0.9962119262048361,0,,,,26.51569023675358,100.0,1B_to_3B,True,False,False,False,False,cut_hold
y2_d062_KIR_RZQ,106,4251467,KIR-1912,Home,2B,40.5855,34.4496,101.05819783872063,1.5042,7.6836,119.32588121023872,84.957,222.6924,127.96377325930959,117.5,let,let,1.0847630275796503,1.2730000000000001,1.2192633501281285,0.8031624546817883,2,KIR-1912,7.0,26.185047452697123,25.601887366241385,96.6,Home_to_2B,False,False,False,True,False,let
y1_d048_MHY_RZQ,17,532056,MHY-1021,2B,Home,-52.776,38.9853,65.61371649350463,1.3722,120.0327,120.04054315992578,141.5604,223.7574,264.77673784326294,113.0,cut_hold,cut_hold,1.2331569939310119,1.236,1.236,0.997525669217591,1,MHY-1021,6.0,26.6162969026497,26.401160396633692,99.6,2B_to_Home,False,False,True,False,False,cut_hold
y1_d001_CGA_QEA,216,8333280,CGA-1929,Home,2B,56.9868,46.3326,98.76601033250255,11.6007,132.414,12.801860665153322,188.1207,245.4093,222.28396274805792,110.6,cut_relay,cut_hold,1.5636788572220597,1.564,1.4818113984535137,0.8276968521038021,1,,,,26.51569023675358,100.0,Home_to_2B,False,False,False,True,False,cut_relay
y2_d042_RZQ_YJD,70,2242764,YJD-0164,2B,Home,-28.0317,19.0299,33.880869217008,14.7921,36.4926,39.37659301120401,127.242,232.1757,264.75664719604305,117.5,cut_hold,cut_hold,2.2529453562002466,2.253,2.249420022158844,0.9999681191366665,1,YJD-0164,11.0,27.683374844526632,25.743404629729916,97.1,2B_to_Home,False,False,True,False,False,cut_hold
y1_d023_AKX_YJD,56,5827168,AKX-1322,Home,2B,54.5811,40.4796,102.29797697594024,3.3069,131.9286,5.935207289556102,-168.2355,208.2759,186.83938391318893,122.4,cut_relay,cut_hold,1.5376594912977695,1.564,1.4619429453121482,0.7860439105076479,1,,,,26.51569023675358,100.0,Home_to_2B,False,False,False,True,False,cut_relay
y1_d054_APZ_QEA,107,3600279,QEA-0180,2B,Home,-56.4948,77.6535,96.0298312468058,-0.8088,1.7229,1.9032976251758422,-131.7837,232.9476,267.64066942721917,107.1,let,let,0.9522530248594447,1.087,1.087,0.8760377413610347,2,QEA-0180,28.0,27.63356475049862,24.466262939730324,92.3,2B_to_Home,False,False,True,False,False,let
y1_d088_CRQ_QEA,231,7912663,CRQ-1606,2B,Home,-54.4491,40.8996,68.09905851750081,0.7266,1.3281,1.5138682802674743,-115.1874,279.5826,302.3814930539235,103.5,cut_hold,let,1.538032841628334,1.5390000000000001,1.5379738029610246,0.9993715670099635,2,CRQ-1606,5.0,25.941949348882787,24.69875956158831,93.1,2B_to_Home,False,False,True,False,False,cut_hold
y1_d048_UPU_YJD,74,2408875,YJD-0345,1B,Home,-61.4892,78.1923,99.47340094683604,-105.5691,129.6273,167.1767680633287,-203.7414,258.4548,329.103998330315,103.0,let,cut_hold,2.422529646581263,2.539,2.534875407264611,0.9243320081277056,2,YJD-0345,141.0,30.29178295214727,28.29335863307854,106.7,1B_to_Home,False,True,False,False,False,let
y1_d053_APZ_QEA,227,8335776,NA,1B,3B,-59.7345,61.3749,4.514820955475427,-48.1764,62.6208,15.497151144645908,-111.9099,295.2753,236.61127498938004,110.6,cut_hold,cut_hold,2.7691230610569675,2.809,2.807582719915451,0.9999091008949017,0,NA,1947.0,30.909685920274246,26.612438623327908,100.4,1B_to_3B,True,False,False,False,False,let
y2_d080_YJD_RZQ,122,3910598,YJD-0373,Home,2B,58.1022,83.1801,72.77396018391468,-17.4519,184.6638,60.24684758599408,-11.9349,215.2539,89.05724396824773,105.8,cut_hold,cut_hold,1.2689831225861918,1.2730000000000001,1.265756439412832,0.973466811036014,2,YJD-0373,91.0,26.269942325403,24.408615974551676,92.1,Home_to_2B,False,False,False,True,False,cut_hold
y2_d008_TSZ_RZQ,262,7637845,RZQ-0355,2B,Home,0.5139,0.1062,0.5247586588137446,66.6822,163.2663,176.35872678302596,214.1556,263.3286,339.4179909629423,86.8,cut_relay,cut_hold,2.2529999812936388,2.253,2.1348924189883647,0.999999989086137,1,RZQ-0355,118.0,28.54847882637532,27.289533909611116,102.9,2B_to_Home,False,False,True,False,False,cut_hold
y1_d011_GEA_YJD,32,1151373,GEA-1874,2B,Home,-23.5929,19.6002,30.672345369241004,0.8547,131.238,131.24078312814962,-179.8605,171.2151,248.32319651667663,107.1,cut_hold,cut_hold,1.5639439722288573,1.564,1.5530333253297468,0.999956601261702,1,,,,26.51569023675358,100.0,2B_to_Home,False,False,True,False,False,cut_hold
y2_d008_TSZ_RZQ,257,7365895,RZQ-0333,2B,Home,-57.6357,51.267,77.13740469765625,6.573,131.7327,131.89658289087706,-143.5731,247.9092,286.482471520074,97.7,cut_hold,cut_hold,1.5582343718202711,1.564,1.5121566745012212,0.9955339828197296,1,RZQ-0333,96.0,30.09452525842532,27.726508205325935,104.6,2B_to_Home,False,False,True,False,False,cut_hold
y2_d007_NSO_YJD,176,5943808,NSO-2240,Home,2B,43.9308,33.2895,103.49672941156159,33.5781,41.7981,91.57976066369686,159.7959,207.6357,178.9883956330689,109.5,cut_relay,cut_hold,1.089,1.089,0.8930043403572638,0.7702278316028884,0,NSO-2240,5.0,25.38019342124879,25.350216878566016,95.6,Home_to_2B,False,False,False,True,False,cut_relay
y1_d068_OWH_QEA,7,177144,OWH-1836,1B,3B,-44.6769,103.6197,44.2490177710195,-62.9847,82.7037,19.074959391306706,-170.1939,155.2977,140.55201021152277,114.7,cut_hold,let,1.7836984812501204,1.809,1.7642302739030085,0.9796774949800164,0,OWH-1836,12.0,26.364807244696483,25.76247914636772,97.2,1B_to_3B,True,False,False,False,False,cut_hold
y1_d006_JJS_YJD,50,1572603,NA,2B,Home,-14.7678,8.1303,16.85792676843745,30.4662,196.7586,199.10332999827,105.7437,351.3327,366.9010713788936,108.1,cut_hold,cut_hold,1.2729999626341493,1.2730000000000001,1.2707726597694509,0.999999970647407,2,NA,1947.0,30.909685920274246,26.612438623327908,100.4,2B_to_Home,False,False,True,False,False,cut_relay
y1_d051_JZK_RZQ,207,7404367,RZQ-0381,2B,Home,-27.8961,15.4197,31.874120274918962,-96.9762,120.1377,154.39381570428912,-191.751,204.8382,280.58356006765615,107.1,cut_hold,cut_hold,2.088982052220017,2.089,2.0863029310734666,0.9999882309639454,0,RZQ-0381,25.0,27.409484280080868,26.48451906420042,99.9,2B_to_Home,False,False,True,False,False,cut_hold
y1_d095_KQQ_YJD,18,441666,KQQ-1985,1B,3B,11.5716,121.1616,94.68642585460707,2.517,-0.3945,92.07152567026355,82.2315,247.6251,234.79568039949115,106.3,let,let,1.068587878300642,1.316,1.2458877487964681,0.7781257873305946,2,,,,26.51569023675358,100.0,1B_to_3B,True,False,False,False,False,let
y2_d001_BEJ_RZQ,7,140889,BEJ-1919,Home,2B,-6.6936,126.7875,6.696972241991153,-18.0498,223.5999,98.2717454818525,-13.0896,395.5197,268.83855176713405,107.5,cut_relay,cut_relay,1.6976241470267306,1.809,1.6974739440108777,0.9998321638760878,0,,,,26.51569023675358,100.0,Home_to_2B,False,False,False,True,False,cut_relay
y2_d095_QZE_RZQ,11,225098,QZE-2394,1B,3B,-29.8263,119.5698,65.3567810998216,44.9628,67.9284,108.68743507140096,-74.8377,345.9336,282.51560149175833,109.2,cut_hold,cut_hold,1.245038944390008,1.253,1.2327067808663652,0.9918764738673553,1,QZE-2394,8.0,25.330135058660858,23.829821332854802,89.9,1B_to_3B,True,False,False,False,False,cut_hold
y1_d050_JZK_RZQ,173,5893596,RZQ-0347,Home,2B,57.4614,50.9358,95.3287732618017,-57.4503,73.3563,78.6014218686914,-180.4869,231.7905,208.7021081873875,107.1,cut_relay,cut_hold,0.9849497046259583,1.253,0.8812123403777982,0.8626690468219477,1,RZQ-0347,139.0,29.131157150549306,27.98336097523604,105.5,Home_to_2B,False,False,False,True,False,cut_relay
y1_d047_VHS_YJD,124,4430161,NA,2B,Home,-55.9728,46.7376,72.92021388887994,-0.9645,130.1364,130.13997412482453,113.9469,225.3321,252.5043589921172,106.3,cut_hold,cut_hold,2.271460337549831,2.2880000000000003,2.212235464724598,0.9883111926147213,0,NA,1947.0,30.909685920274246,26.612438623327908,100.4,2B_to_Home,False,False,True,False,False,cut_hold
y1_d078_GAX_YJD,260,9427018,GAX-1096,1B,Home,-53.3112,44.9502,69.73237788488214,-55.041,192.1242,199.85299574096956,-67.1019,369.0162,375.06748838848995,97.9,cut_hold,cut_relay,2.807306253006325,2.809,2.807002520968372,0.9989114736544502,0,,,,26.51569023675358,100.0,1B_to_Home,False,True,False,False,False,cut_relay
y1_d049_JZK_RZQ,184,5808610,RZQ-0400,Home,2B,43.3134,103.8279,49.12226417796721,-93.3801,120.3294,93.61805370958103,-200.1939,199.9527,213.07203954179442,98.1,cut_hold,cut_hold,2.0889932158404534,2.089,2.0852226718125872,0.9955717137310521,0,,,,26.51569023675358,100.0,Home_to_2B,False,False,False,True,False,cut_hold
y2_d075_VZE_YJD,41,1318498,YJD-0185,Home,3B,24.7083,119.7618,104.66651111090881,57.5643,60.9483,121.23418489592777,202.1934,181.0869,290.6220412755543,108.0,let,cut_hold,2.0538225320852157,2.253,2.1308704978974062,0.8298611791503204,2,YJD-0185,85.0,28.267858915206155,26.562182230902803,100.2,Home_to_3B,False,False,False,False,True,cut_relay
y1_d027_JIL_RZQ,236,8200209,JIL-1515,1B,3B,-21.8148,117.1383,67.90740355756506,36.1938,188.8311,160.12369950026135,93.2265,336.2982,314.5625420317715,113.0,let,let,2.362316264863664,2.809,2.604136739411697,0.994575772151481,0,,,,26.51569023675358,100.0,1B_to_3B,True,False,False,False,False,cut_hold
y2_d007_NSO_YJD,41,1269208,NSO-1990,1B,3B,26.8281,106.4538,100.08745469862843,72.6579,143.6781,158.06079525302914,183.0546,222.2319,293.27396136508605,109.5,cut_relay,cut_relay,1.128824193484041,1.253,0.9481753132884145,0.8732899933510625,1,,,,26.51569023675358,100.0,1B_to_3B,True,False,False,False,False,cut_hold
y2_d095_QZE_RZQ,11,222848,QZE-2217,Home,2B,51.1893,43.47,97.96736872290693,46.7451,67.5564,75.6217293836236,-70.0332,364.7439,247.84432833827367,109.2,cut_hold,cut_hold,1.245038944390008,1.253,1.2327067808663652,0.8358083780539721,1,QZE-2217,6.0,27.20247534678712,26.88941703796416,101.4,Home_to_2B,False,False,False,True,False,cut_relay
y2_d056_IAK_RZQ,92,3000214,RZQ-0040,Home,2B,52.8897,92.2728,63.271627021359265,46.7619,210.7797,95.94640912353103,87.7995,368.3343,256.8092610416143,104.2,cut_hold,let,1.808821368108087,1.809,1.7964507765267783,0.9867826260270454,0,RZQ-0040,80.0,27.584711972395144,25.822769119313143,97.4,Home_to_2B,False,False,False,True,False,cut_hold
y1_d037_HMN_RZQ,152,4755875,HMN-1106,Home,2B,54.5235,84.6711,69.02570410694845,0.5754,129.4866,2.552305765381579,-191.3481,241.137,222.80338898367322,102.4,cut_hold,cut_hold,0.564,0.564,0.5542773511005019,0.9796170882610102,1,,,,26.51569023675358,100.0,Home_to_2B,False,False,False,True,False,cut_hold
y2_d010_JMJ_YJD,172,5365093,JMJ-2220,Home,2B,60.9588,72.6288,81.68355211962809,-12.6039,151.0251,27.130494378466462,-99.6558,342.6129,237.5293689631874,114.0,let,cut_hold,1.9455550521951275,2.253,2.2024676867622994,0.9473489849359333,1,JMJ-2220,12.0,24.03350226606107,23.952792136200372,90.3,Home_to_2B,False,False,False,True,False,let
y1_d024_AKX_YJD,118,3678479,AKX-2319,1B,3B,-53.5059,87.1122,25.56646545085965,39.5211,224.9424,191.4697803805342,89.8368,380.2443,351.84287816684594,124.8,cut_hold,cut_relay,2.7735520096456887,2.809,2.802214093126028,0.9999394337116527,0,,,,26.51569023675358,100.0,1B_to_3B,True,False,False,False,False,cut_hold
y1_d057_OXG_QEA,169,4884277,OXG-0085,Home,2B,51.6411,94.5567,60.98664545701788,81.5121,139.1055,82.40610157421598,220.2597,270.2145,262.72557632316654,110.6,let,let,2.998538636057821,3.253,3.0181845132821663,0.9888926036363616,1,OXG-0085,6.0,28.373343862153444,28.24976225788612,106.5,Home_to_2B,False,False,False,True,False,cut_hold
y1_d045_MHY_RZQ,277,10338684,NA,1B,3B,-40.1865,107.3838,49.63453133343761,-59.9016,171.5034,107.92816450825057,-123.9297,296.0421,240.09494790707282,102.4,cut_hold,cut_hold,2.8089317661067765,2.809,2.745206594788403,0.9953396579311078,0,NA,1947.0,30.909685920274246,26.612438623327908,100.4,1B_to_3B,True,False,False,False,False,cut_hold
y2_d054_PTB_YJD,185,5752730,YJD-0185,1B,3B,-54.1491,91.5228,29.453823497977307,-45.5562,186.2136,123.90040855219164,-68.6424,377.8176,314.21742209419267,82.3,cut_hold,cut_hold,3.1827672748176776,3.253,3.239529486219029,0.9998200430777003,1,YJD-0185,85.0,28.267858915206155,26.562182230902803,100.2,1B_to_3B,True,False,False,False,False,let
y1_d051_UPU_YJD,153,4827065,YJD-0345,1B,3B,-14.3589,123.7539,77.73228280720951,-6.9477,147.8334,101.50145557010501,-52.8042,325.5114,262.09548775131555,91.2,cut_hold,cut_hold,1.2506250696918284,1.288,1.2506250696918284,0.9644724997070613,0,YJD-0345,141.0,30.29178295214727,28.29335863307854,106.7,1B_to_3B,True,False,False,False,False,cut_relay
y1_d064_UEX_RZQ,30,9075548,UEX-2073,2B,Home,-39.66,22.2618,45.48080187551666,65.9571,205.5525,215.87535592711828,133.0422,334.0995,359.6146588795985,102.4,cut_hold,cut_relay,3.7641238123159377,3.809,3.75015966546802,0.9999979210022666,0,,,,26.51569023675358,100.0,2B_to_Home,False,False,True,False,False,cut_hold
y2_d094_QZE_RZQ,238,8210764,RZQ-0231,Home,2B,16.8468,123.1527,17.280520464673515,-38.019,156.0675,47.8577466796129,-97.9206,350.0229,243.5726951625941,100.7,let,cut_relay,2.132997750678685,2.253,2.1502560819247982,0.9996206123329316,2,RZQ-0231,77.0,28.361250593018635,26.82909278895618,101.2,Home_to_2B,False,False,False,True,False,let
y1_d062_HCI_RZQ,67,2365218,RZQ-0258,Home,3B,25.0614,118.2294,104.1534490754867,29.8263,200.9439,166.09729134124976,95.4276,363.0672,339.05626298536356,96.7,cut_relay,cut_relay,2.2528280487945143,2.253,2.069559107770159,0.8134616551518001,2,RZQ-0258,20.0,27.28059068935275,26.33612635021064,99.3,Home_to_3B,False,False,False,False,True,cut_relay
y2_d012_RQJ_YJD,28,782664,YJD-0312,1B,3B,-18.6711,118.9464,71.28113248377862,37.6188,120.4401,116.10166207875751,171.2994,197.2353,270.26695294550905,85.6,cut_hold,cut_hold,1.2697391721560929,1.288,1.2697391721560929,0.9826417986274648,0,YJD-0312,60.0,30.12380340279095,27.95408096039191,105.4,1B_to_3B,True,False,False,False,False,cut_hold
y2_d057_IAK_RZQ,144,5113809,RZQ-0385,1B,3B,-50.8971,96.453,35.20048961889593,-88.6467,115.965,57.993453681342345,-199.299,230.916,215.3708997450677,106.8,cut_hold,cut_relay,1.2509310088879733,1.253,1.2360001307086652,0.9978887845795645,1,RZQ-0385,18.0,30.877510755402557,29.33893596859435,110.6,1B_to_3B,True,False,False,False,False,cut_hold
y1_d066_IAQ_YJD,175,6161071,IAQ-2529,Home,2B,56.7801,86.9193,69.50138321285411,-4.092,130.0593,5.109185893075338,51.3819,311.2077,191.23957850533972,116.3,cut_hold,cut_hold,2.088959092803435,2.089,2.0710589726153747,0.9789671425737106,0,IAQ-2529,5.0,26.91256120927951,26.466877400087565,99.8,Home_to_2B,False,False,False,True,False,cut_hold
y2_d078_MGJ_RZQ,16,482299,MGJ-2494,1B,3B,-58.0677,84.192,21.29401867403144,-11.2464,104.9217,66.70283409158864,217.5468,258.8538,342.3075286999688,105.7,let,cut_hold,2.6833028134628307,2.809,2.80852938590512,0.9999499797482327,0,,,,26.51569023675358,100.0,1B_to_3B,True,False,False,False,False,let
y2_d001_BEJ_RZQ,7,140889,BEJ-1919,Home,2B,-6.6936,126.7875,6.696972241991153,-18.0498,223.5999,98.2717454818525,-13.0896,395.5197,268.83855176713405,107.5,cut_relay,cut_relay,1.6976241470267306,1.809,1.6974739440108777,0.9998321638760878,2,,,,26.51569023675358,100.0,Home_to_2B,False,False,False,True,False,cut_relay
y2_d072_DYE_YJD,45,1319843,YJD-0185,2B,Home,-60.0816,63.5478,87.45353934175563,-3.8586,1.5003,4.140011358680071,-42.9321,248.5005,252.1818068589802,125.7,let,let,0.9988922120527579,1.087,1.087,0.9189440773254443,2,YJD-0185,85.0,28.267858915206155,26.562182230902803,100.2,2B_to_Home,False,False,True,False,False,cut_relay
y2_d088_DYE_RZQ,159,4826363,DYE-0329,Home,2B,58.9005,87.7578,70.77583741002292,-0.3543,131.9961,5.008646893123943,195.243,261.1458,236.88588963178032,89.3,cut_hold,cut_hold,1.2471470458007645,1.253,1.225387586898641,0.9766788227172409,1,,,,26.51569023675358,100.0,Home_to_2B,False,False,False,True,False,cut_hold
y2_d094_QZE_RZQ,91,2882564,QZE-2217,Home,3B,18.9915,119.5056,99.74432342549625,20.4795,204.0675,163.69475567806074,100.1394,358.2531,337.0765054938864,112.2,cut_relay,cut_hold,1.5351778080114953,1.5390000000000001,1.4534816415445702,0.8417707630144674,2,QZE-2217,6.0,27.20247534678712,26.88941703796416,101.4,Home_to_3B,False,False,False,False,True,cut_relay
y2_d002_BEJ_RZQ,231,8271476,BEJ-1508,1B,3B,15.1617,120.7305,97.30895700365923,33.8349,74.352,98.06173093521244,40.5699,254.5953,217.5399500232084,113.8,cut_relay,cut_relay,2.1949259841173023,2.2880000000000003,1.9344075018515985,0.6638854580338388,0,,,,26.51569023675358,100.0,1B_to_3B,True,False,False,False,False,cut_relay
y1_d091_DYE_RZQ,270,9237901,NA,1B,Home,-55.8969,94.9023,110.14041027207043,-33.9729,160.7709,164.32114964672078,-78.6243,362.8065,371.2281468217894,94.4,let,cut_hold,3.1140122085819244,3.253,3.2359735576483093,0.9189105594547197,1,NA,1947.0,30.909685920274246,26.612438623327908,100.4,1B_to_Home,False,True,False,False,False,let
y2_d008_TSZ_RZQ,111,3024395,TSZ-1991,2B,Home,-55.6296,48.6021,73.87026817719021,-23.3922,132.8193,134.86349199590674,142.5864,203.9274,248.831802500645,105.7,cut_hold,cut_hold,1.2953666563239963,1.316,1.2882546636540202,0.98432116741945,2,TSZ-1991,14.0,26.774998302520952,25.086382474828273,94.6,2B_to_Home,False,False,True,False,False,cut_hold
y1_d058_KJH_RZQ,308,11052619,NA,1B,Home,-45.1587,106.1874,115.39095330419106,-53.2677,199.8417,206.81913093855704,-93.0564,352.4157,364.4946078990058,114.4,let,cut_hold,2.3011411293170485,2.539,2.537273982746945,0.845516386707046,2,NA,1947.0,30.909685920274246,26.612438623327908,100.4,1B_to_Home,False,True,False,False,False,let
y1_d050_JZK_RZQ,251,8652696,JZK-1356,Home,2B,46.1343,92.8314,57.40964084933819,-41.8704,167.6055,58.32612644784497,-98.9829,272.3391,175.84387530198484,107.5,cut_hold,cut_hold,1.089,1.089,1.0818918971605391,0.9916669368822265,0,,,,26.51569023675358,100.0,Home_to_2B,False,False,False,True,False,cut_hold
y1_d051_JZK_RZQ,155,5158367,RZQ-0381,Home,2B,36.7614,110.5341,40.28059573504345,-78.684,108.4452,80.84214531443361,-195.2325,206.8845,210.943742254896,107.1,cut_hold,cut_hold,0.564,0.564,0.5629329132116662,0.9977629207791744,1,RZQ-0381,25.0,27.409484280080868,26.48451906420042,99.9,Home_to_2B,False,False,False,True,False,cut_hold
y2_d011_BVD_RZQ,194,7007035,RZQ-0355,Home,2B,44.1027,104.6832,49.42760068554815,-0.7839,228.9975,102.00051228038024,15.0597,394.2816,267.70552527478776,100.9,cut_relay,cut_relay,1.5045288565964283,1.5390000000000001,1.3902958373570755,0.9954287023547737,2,RZQ-0355,118.0,28.54847882637532,27.289533909611116,102.9,Home_to_2B,False,False,False,True,False,cut_hold
y1_d073_PHS_RZQ,138,4747397,RZQ-0258,Home,2B,63.1038,71.8617,83.79929415770756,-61.3593,176.9232,79.1030315141588,-89.6487,310.845,204.53819554471977,96.0,let,let,2.2040651656561905,2.539,2.5052540058448414,0.9388390886636785,2,RZQ-0258,20.0,27.28059068935275,26.33612635021064,99.3,Home_to_2B,False,False,False,True,False,cut_hold
y1_d040_TKJ_YJD,176,691934,YJD-0338,Home,3B,43.5744,110.6397,117.06365519430015,29.967,194.7873,161.12692123382112,75.4815,392.0412,356.6540900139658,105.9,cut_relay,cut_relay,1.4209615147277024,1.5390000000000001,1.3769533702112504,0.7021997972187464,2,YJD-0338,19.0,29.345793602831733,27.801495156248425,104.8,Home_to_3B,False,False,False,False,True,cut_relay
y2_d009_TSZ_RZQ,126,4024308,TSZ-1892,Home,2B,52.2231,94.9881,61.2536849113586,-89.9451,109.9278,91.55097501856547,-180.8115,196.7232,193.7888622973209,107.9,cut_hold,cut_hold,0.5344097719137132,0.539,0.528413522125751,0.9887796778743589,2,TSZ-1892,11.0,29.420498787410114,27.493231964430816,103.7,Home_to_2B,False,False,False,True,False,cut_hold
y2_d051_DYE_RZQ,105,3065081,DYE-0331,2B,Home,-53.4822,36.4173,64.70367420888863,-24.657,138.3432,140.52333840056605,8.1927,251.2857,251.41921835408684,90.5,cut_hold,cut_hold,1.3107261537483763,1.316,1.3074659034724467,0.9959925180458786,2,DYE-0331,11.0,27.944551038911253,24.323980205142906,91.7,2B_to_Home,False,False,True,False,False,cut_hold
y2_d077_MGJ_RZQ,184,6035269,RZQ-0310,2B,Home,-47.4183,39.6675,61.82237241597899,5.6223,132.4167,132.53600528226283,-150.246,141.6774,206.50991788957742,101.4,cut_hold,cut_hold,1.5374859754996415,1.564,1.543167741568334,0.9794624132452683,1,RZQ-0310,87.0,30.062054811506144,28.691500681721738,108.2,2B_to_Home,False,False,True,False,False,cut_hold
y2_d015_TEQ_YJD,127,4049666,YJD-0174,1B,3B,-59.8989,66.4833,4.698955639288375,50.6211,212.1948,187.41432062745366,107.985,358.7433,341.3811627724793,91.8,cut_hold,cut_hold,3.2377058240611256,3.253,3.2507015910910013,0.9999883453957514,1,YJD-0174,50.0,28.324916543036803,24.806164577543132,93.6,1B_to_3B,True,False,False,False,False,cut_relay
y1_d067_OWH_QEA,13,317715,OWH-1836,2B,Home,-61.695,62.9754,88.15993438155454,0.1461,0.2184,0.26276181229394807,14.6274,256.8618,257.27795305855494,110.6,cut_relay,let,1.471647958760036,1.564,1.4624443535851035,0.9284647240588969,1,OWH-1836,12.0,26.364807244696483,25.76247914636772,97.2,2B_to_Home,False,False,True,False,False,cut_relay
y1_d084_YJD_RZQ,140,4286976,RZQ-0233,2B,Home,-59.448,75.3594,95.9849148166523,-20.2191,135.7449,137.24244926705438,16.5843,286.962,287.44082599813476,106.3,cut_hold,cut_hold,1.1739845209694084,1.236,1.236,0.9460265630717217,1,RZQ-0233,17.0,27.359116571263776,27.330785976304515,103.1,2B_to_Home,False,False,True,False,False,let
y1_d048_UPU_YJD,74,2408875,YJD-0020,2B,Home,-36.8766,30.4917,47.85005116454945,-105.5691,129.6273,167.1767680633287,-203.7414,258.4548,329.103998330315,103.0,let,cut_hold,2.422529646581263,2.539,2.534875407264611,0.9999884436293681,2,YJD-0020,23.0,27.709035915940042,25.369497135228844,95.7,2B_to_Home,False,False,True,False,False,cut_hold
y1_d047_VHS_YJD,171,6275511,VHS-1556,2B,Home,-60.8493,69.5661,92.4233713932791,24.2346,77.6361,81.33068215851875,10.7886,271.8861,272.1000647981731,124.8,cut_hold,cut_hold,1.160431730221599,1.236,1.236,0.9342312708630105,1,,,,26.51569023675358,100.0,2B_to_Home,False,False,True,False,False,cut_hold
y1_d006_JJS_YJD,74,2341103,JJS-2238,1B,3B,-12.7629,125.4252,80.036805555007,-37.2414,137.0994,78.0587569099073,-15.1818,258.1476,200.4529959990621,124.8,let,cut_relay,0.7687829752799761,0.873,0.7687829752799761,0.8674083654961527,1,,,,26.51569023675358,100.0,1B_to_3B,True,False,False,False,False,cut_hold
y1_d061_HCI_RZQ,147,5149694,RZQ-0059,2B,Home,-29.6064,23.1777,37.599796518731324,-0.7644,-4.8303,4.8904095380652945,-162.1887,189.5766,249.4883998811368,115.5,cut_hold,let,2.8088343078837905,2.809,2.7685669200674856,0.9998935140641325,0,RZQ-0059,18.0,25.242616830471437,24.644254555149075,92.9,2B_to_Home,False,False,True,False,False,cut_hold
y2_d097_YJD_RZQ,53,1841217,RZQ-0326,Home,2B,46.9224,98.733,54.77896412638706,-49.9065,184.3017,75.98778563124472,-115.5951,352.5381,253.43571511454337,114.0,let,let,1.4108379423893525,1.5390000000000001,1.5348943663351002,0.9931123835656833,2,RZQ-0326,11.0,27.653204166786892,27.15817018891368,102.4,Home_to_2B,False,False,False,True,False,cut_hold
y1_d050_UPU_YJD,172,5625692,YJD-0172,1B,3B,-31.6671,116.0466,61.38988563248835,-4.2687,132.882,91.21077692734559,72.2589,308.3496,279.91302105005764,114.5,cut_hold,cut_hold,1.8015004328273476,1.809,1.7757312553012807,0.993976251266946,0,YJD-0172,32.0,28.553753071006273,25.884359719884834,97.6,1B_to_3B,True,False,False,False,False,cut_hold
y1_d040_TKJ_YJD,176,691934,YJD-0345,1B,Home,-44.8041,107.211,116.19641086457878,29.967,194.7873,197.07895202250796,75.4815,392.0412,399.2414799838438,105.9,cut_relay,cut_relay,1.4209615147277024,1.5390000000000001,1.3769533702112504,0.9233018289328799,2,YJD-0345,141.0,30.29178295214727,28.29335863307854,106.7,1B_to_Home,False,True,False,False,False,let
y2_d065_ESW_YJD,10,228737,YJD-0319,1B,3B,-34.9761,108.5934,53.314419576414785,-0.8874,128.625,90.33791580371998,-157.173,173.667,144.41039719493884,97.9,cut_hold,cut_hold,0.8405767787123058,0.873,0.8405767787123058,0.958749082331178,1,,,,26.51569023675358,100.0,1B_to_3B,True,False,False,False,False,cut_hold
y1_d041_TKJ_YJD,115,3758680,TKJ-2441,Home,2B,54.4506,45.7446,97.81261610610362,-38.5905,100.5921,46.76113634910939,-86.0688,222.1575,128.3073970575742,124.8,cut_hold,cut_relay,0.564,0.564,0.4876314434833019,0.8398982043675093,1,TKJ-2441,5.0,29.00282437367092,29.000319087267123,109.4,Home_to_2B,False,False,False,True,False,cut_hold
y2_d040_XLB_RZQ,263,8826330,RZQ-0040,2B,Home,-61.6278,63.0888,88.19400443499546,-5.325,137.253,137.356258080948,80.1915,294.9735,305.67964010463635,108.4,cut_hold,cut_hold,1.2262808998623485,1.236,1.236,0.9915412531439063,1,RZQ-0040,80.0,27.584711972395144,25.822769119313143,97.4,2B_to_Home,False,False,True,False,False,cut_hold
y1_d094_KQQ_YJD,249,8142531,KQQ-1985,1B,3B,-35.1837,106.224,51.21677523712324,-103.6506,117.7995,67.3357227080099,-204.3888,197.0415,193.92314174355263,116.3,cut_hold,cut_hold,1.7925114765021801,1.809,1.766373051476648,0.9867562060258476,0,,,,26.51569023675358,100.0,1B_to_3B,True,False,False,False,False,cut_hold
y1_d050_JZK_RZQ,114,3898846,RZQ-0381,1B,3B,-55.1172,86.3226,24.230940192241814,-114.7329,125.5389,80.26181066746501,-202.1661,209.2362,200.96699688170193,107.1,let,let,2.190878032429705,2.539,2.396636788639785,0.9989403593211102,2,RZQ-0381,25.0,27.409484280080868,26.48451906420042,99.9,1B_to_3B,True,False,False,False,False,let
y2_d084_LFS_YJD,84,2572181,YJD-0398,1B,3B,-44.562,98.1471,39.42981149346266,0.201,129.1554,91.47645007410377,30.9657,239.2014,199.42929484519067,92.7,cut_hold,cut_hold,1.283576954829263,1.288,1.283576954829263,0.9957955844384628,0,YJD-0398,18.0,28.253475726182785,26.62708588549746,100.4,1B_to_3B,True,False,False,False,False,cut_hold
y2_d011_BVD_RZQ,194,7007035,RZQ-0333,1B,3B,-56.2899,86.2353,23.760714469476707,-0.7839,228.9975,176.90108002344135,15.0597,394.2816,339.87867016135334,100.9,cut_relay,cut_relay,1.5045288565964283,1.5390000000000001,1.3902958373570755,0.999934655863253,2,RZQ-0333,96.0,30.09452525842532,27.726508205325935,104.6,1B_to_3B,True,False,False,False,False,cut_relay
y2_d086_LFS_YJD,93,4553143,LFS-1144,Home,2B,60.6,70.9593,82.54041468571623,93.0309,127.1133,93.03096899258871,197.7141,219.5631,218.30893893842276,110.1,cut_hold,cut_hold,1.5378035287057734,1.5390000000000001,1.5037726780876588,0.9440931811498688,2,LFS-1144,5.0,22.274452367005573,22.13957707056791,83.5,Home_to_2B,False,False,False,True,False,let
y2_d075_VZE_YJD,41,1318498,YJD-0185,Home,3B,24.7083,119.7618,104.66651111090881,57.5643,60.9483,121.23418489592777,202.1934,181.0869,290.6220412755543,108.0,let,cut_hold,2.0538225320852157,2.253,2.1308704978974062,0.8298611791503204,1,YJD-0185,85.0,28.267858915206155,26.562182230902803,100.2,Home_to_3B,False,False,False,False,True,cut_relay
y1_d048_STK_QEA,63,2050705,NA,2B,Home,-47.1369,35.1585,58.804825174980316,90.5373,116.8854,147.84856923369261,208.5573,232.1034,312.038676568867,107.5,cut_hold,cut_relay,1.538825958349504,1.5390000000000001,1.5254679645503735,0.9998869125077998,2,NA,1947.0,30.909685920274246,26.612438623327908,100.4,2B_to_Home,False,False,True,False,False,cut_hold
y1_d055_APZ_QEA,178,5664382,QEA-0249,Home,2B,49.272,40.5423,99.51212927723937,-12.0459,144.3618,21.13139385014627,210.4623,266.5671,252.53386926054097,120.8,cut_relay,cut_hold,1.089,1.089,0.9342827400042769,0.8186198593250609,0,QEA-0249,49.0,27.62757977999521,26.671593663138527,100.6,Home_to_2B,False,False,False,True,False,cut_relay
y2_d021_DMS_RZQ,25,548726,DMS-1249,1B,3B,-8.931,124.6359,81.93640520434126,-60.1485,63.9084,3.501801080872529,165.7905,216.8985,275.9103516588314,117.5,cut_hold,let,0.8422334672407273,0.873,0.8422334672407273,0.9608568285505437,1,DMS-1249,5.0,26.030705241502776,25.897575447382646,97.7,1B_to_3B,True,False,False,False,False,cut_hold
y2_d004_GHD_YJD,260,8546088,YJD-0312,2B,Home,-50.4837,42.1161,65.74473244983206,3.2829,3.1452,4.546395874756179,35.1255,265.1355,267.4521155468769,88.8,cut_relay,let,1.5355670292208157,1.5390000000000001,1.4487858125434645,0.9977693497211276,2,YJD-0312,60.0,30.12380340279095,27.95408096039191,105.4,2B_to_Home,False,False,True,False,False,cut_hold
y2_d027_YUH_RZQ,175,84131184,YUH-2570,1B,Home,-61.7913,64.9818,89.67050288099203,41.22,206.8416,210.90883312597413,87.933,368.1459,378.50180471935664,117.5,cut_relay,cut_relay,1.5262832491507488,1.5390000000000001,1.4189959322327177,0.9917370039965878,2,,,,26.51569023675358,100.0,1B_to_Home,False,True,False,False,False,cut_hold
y2_d077_MGJ_RZQ,179,5688240,RZQ-0006,Home,2B,60.7821,63.2793,88.06129279598386,86.139,132.5724,86.31905330087906,224.5623,235.1907,249.2658302852198,91.0,cut_relay,cut_hold,2.2524824197442905,2.253,2.166423823467641,0.9163913961705666,1,RZQ-0006,32.0,24.197731110581422,23.983041633585376,90.4,Home_to_2B,False,False,False,True,False,cut_hold
y1_d040_TKJ_YJD,16,7188034,TKJ-1132,1B,3B,-26.0148,119.445,67.3041878343391,4.341,161.6823,119.30510865126439,41.2362,274.5015,235.50284395032264,124.8,cut_hold,cut_hold,0.8540852505593198,0.873,0.8540852505593198,0.9759354332815774,1,,,,26.51569023675358,100.0,1B_to_3B,True,False,False,False,False,cut_hold
y2_d043_RZQ_YJD,344,11228151,YJD-0345,Home,2B,50.1168,39.9954,100.40664352222915,9.7788,130.2252,10.296933741653387,-88.7631,290.4381,185.98629103571048,105.7,cut_relay,let,0.564,0.564,0.47321058183773884,0.8096657900162241,1,YJD-0345,141.0,30.29178295214727,28.29335863307854,106.7,Home_to_2B,False,False,False,True,False,cut_relay
y1_d080_FBP_QEA,73,1899212,FBP-2143,Home,2B,60.6705,71.1675,82.45106200953387,-70.1712,143.832,72.16171792190094,-204.1806,216.4083,222.89809672863964,106.0,cut_hold,cut_hold,1.5635966443548344,1.564,1.5374887135451438,0.9444207831135092,1,,,,26.51569023675358,100.0,Home_to_2B,False,False,False,True,False,cut_hold
y1_d050_UPU_YJD,186,6065892,UPU-1095,1B,3B,-25.2762,121.0998,69.08986732133737,-7.4436,198.7998,146.37693434759456,34.6911,361.3671,313.54494303308417,114.4,let,cut_relay,1.0546820859364614,1.5390000000000001,1.5011617560207413,0.9938566690632521,2,UPU-1095,8.0,28.824206110316386,25.706407324232945,96.9,1B_to_3B,True,False,False,False,False,let
y1_d027_JIL_RZQ,351,12525409,RZQ-0381,Home,2B,57.3291,86.0247,70.46702006541784,0.4209,129.0537,2.0963874880374496,-200.8032,241.6974,231.25185122934693,106.4,cut_hold,let,0.564,0.564,0.5531417602520065,0.9772363946582946,1,RZQ-0381,25.0,27.409484280080868,26.48451906420042,99.9,Home_to_2B,False,False,False,True,False,cut_hold
y2_d075_VZE_YJD,225,7772809,YJD-0373,2B,Home,-55.2204,78.4179,95.90964298009872,-4.0836,3.0738,5.1111677139377845,-102.0594,222.3228,244.6294105952921,112.4,let,let,0.9111383447620299,1.2730000000000001,1.1906946433101069,0.7157410406614532,2,YJD-0373,91.0,26.269942325403,24.408615974551676,92.1,2B_to_Home,False,False,True,False,False,let
y1_d099_MRJ_YJD,186,6674767,MRJ-2584,Home,2B,-2.7111,126.3219,2.7946167572674434,11.4825,175.6155,49.95312449186737,89.9745,375.3705,264.1653192992979,107.1,cut_hold,cut_relay,2.5289367013504425,2.539,2.4843422051139705,0.9998760204257651,2,MRJ-2584,5.0,25.20002803569869,24.777506104084768,93.4,Home_to_2B,False,False,False,True,False,cut_relay
y1_d050_JZK_RZQ,114,3898846,RZQ-0059,Home,2B,55.4037,86.7576,68.47642463979848,-114.7329,125.5389,114.74220302756959,-202.1661,209.2362,218.25197497308014,107.1,let,let,2.190878032429705,2.539,2.396636788639785,0.9804625672706165,2,RZQ-0059,18.0,25.242616830471437,24.644254555149075,92.9,Home_to_2B,False,False,False,True,False,let
y2_d009_TSZ_RZQ,250,8365936,TSZ-2161,Home,2B,46.4208,92.3895,57.903172476903194,-83.9514,111.3321,85.40094058246666,-139.1538,206.6931,160.35825592107815,107.9,cut_hold,cut_hold,2.252751760469161,2.253,2.238630854649408,0.9913652101214688,1,,,,26.51569023675358,100.0,Home_to_2B,False,False,False,True,False,cut_hold
y1_d049_JZK_RZQ,184,5808610,RZQ-0059,2B,Home,-21.1143,14.4222,25.56977742042351,-93.3801,120.3294,152.31220430540031,-200.1939,199.9527,282.94642573197495,98.1,cut_hold,cut_hold,2.0889932158404534,2.089,2.0852226718125872,0.9999955513707892,0,RZQ-0059,18.0,25.242616830471437,24.644254555149075,92.9,2B_to_Home,False,False,True,False,False,cut_hold
y2_d058_POW_YJD,269,9049109,POW-1527,Home,2B,61.2795,63.1401,88.50572833585406,-53.3172,157.7565,61.55230384063621,-125.0454,320.0115,229.97780587137098,102.3,cut_hold,cut_hold,0.5316042915045505,0.539,0.485857891943663,0.9139465194469826,2,POW-1527,6.0,30.106483834881814,26.957671581435733,101.7,Home_to_2B,False,False,False,True,False,cut_hold
y2_d081_YJD_RZQ,154,7416803,YJD-0132,Home,2B,42.3957,100.8216,49.82673985973796,1.0167,2.2482,124.75594287299504,61.5,205.5036,99.724947796226,105.7,let,let,0.7825417180717668,1.5390000000000001,1.5363554148162748,0.9954038583017621,2,YJD-0132,24.0,26.0341401505792,24.16156196117811,91.1,Home_to_2B,False,False,False,True,False,cut_hold
y2_d074_VZE_YJD,181,5380915,VZE-2582,1B,3B,-36.7461,109.5414,53.1998155933834,-107.4216,114.4284,67.05438146102011,-214.9788,231.5505,226.0472702681676,110.1,cut_hold,cut_hold,1.2447548305754799,1.253,1.22871580528686,0.9915865618117142,1,VZE-2582,8.0,28.323604799707258,27.055196735989522,102.0,1B_to_3B,True,False,False,False,False,cut_hold
y1_d062_HCI_RZQ,67,2365218,RZQ-0258,Home,2B,25.0614,118.2294,26.55178326063995,29.8263,200.9439,79.73273179127881,95.4276,363.0672,254.62550885093978,96.7,cut_relay,cut_relay,2.2528280487945143,2.253,2.069559107770159,0.9992211483674504,2,RZQ-0258,20.0,27.28059068935275,26.33612635021064,99.3,Home_to_2B,False,False,False,True,False,cut_relay
y2_d042_RZQ_YJD,301,10212964,RZQ-0275,Home,2B,61.3989,75.6927,80.01414846450595,46.191,167.8893,61.6890860322148,141.5316,308.979,230.53752458018627,116.3,cut_hold,cut_relay,2.085951081474667,2.089,2.049321768548257,0.9534839021667727,0,RZQ-0275,35.0,28.834466154586597,27.582583198239938,104.0,Home_to_2B,False,False,False,True,False,cut_hold
y1_d044_WJU_QEA,47,1242702,NA,1B,3B,-23.6985,121.0113,69.90557549966957,-56.6601,188.7501,125.30465324966987,-108.0843,318.6969,258.9002086520983,99.8,cut_relay,cut_relay,2.2528189210385015,2.253,2.130352771807579,0.9808067061109953,2,NA,1947.0,30.909685920274246,26.612438623327908,100.4,1B_to_3B,True,False,False,False,False,cut_relay
y1_d050_JZK_RZQ,114,3898846,RZQ-0059,Home,3B,55.4037,86.7576,121.26757991916058,-114.7329,125.5389,80.26181066746501,-202.1661,209.2362,200.96699688170193,107.1,let,let,2.190878032429705,2.539,2.396636788639785,0.7513350521900358,2,RZQ-0059,18.0,25.242616830471437,24.644254555149075,92.9,Home_to_3B,False,False,False,False,True,let
y1_d068_OWH_QEA,229,7643194,OWH-1191,Home,2B,60.8403,72.2091,81.87542260593224,8.5893,129.7221,9.01032201977266,-151.4196,310.5255,237.92751924569384,114.7,cut_hold,let,0.564,0.564,0.5385281261945856,0.9465998452716679,1,,,,26.51569023675358,100.0,Home_to_2B,False,False,False,True,False,cut_hold
y2_d083_WMI_YJD,43,1288050,YJD-0153,1B,3B,-14.5533,123.9828,77.78661599999064,24.9405,154.3335,126.77466593330072,65.7885,289.665,260.45928134211306,99.1,cut_hold,cut_hold,0.304363876295609,0.316,0.304363876295609,0.9631768237202817,2,YJD-0153,13.0,27.812652833018287,22.841977402461755,86.1,1B_to_3B,True,False,False,False,False,cut_hold
y1_d066_IAQ_YJD,219,8139921,YJD-0025,2B,Home,-60.6015,66.8082,90.1990986068597,18.0774,134.1858,135.39801074018777,-52.3407,290.688,295.362594484288,91.7,cut_hold,cut_hold,1.215711671372288,1.236,1.236,0.98234262086361,1,YJD-0025,60.0,27.481260039889,25.6673797041861,96.8,2B_to_Home,False,False,True,False,False,cut_hold
y2_d011_BVD_RZQ,154,5474435,RZQ-0355,1B,Home,-61.8966,60.4026,86.48504598090932,-93.3552,139.8555,168.1509864594615,-165.375,244.9743,295.56944748314226,86.3,cut_hold,cut_hold,1.4687907168463443,1.5390000000000001,1.5379403289109723,0.9543799329735829,2,RZQ-0355,118.0,28.54847882637532,27.289533909611116,102.9,1B_to_Home,False,True,False,False,False,cut_hold
y1_d066_OWH_QEA,32,1031701,QEA-0252,2B,Home,-23.3694,16.806,28.784900422964814,-77.6673,184.8645,200.51706373658075,-103.2612,353.0403,367.8319301658435,97.5,cut_hold,cut_hold,1.5639998133442716,1.564,1.5615942424966167,0.9999998554177161,1,QEA-0252,27.0,28.366511656705335,24.333188613001557,91.8,2B_to_Home,False,False,True,False,False,cut_hold
y1_d003_CGA_QEA,92,3994106,QEA-0249,Home,2B,59.493,72.1209,80.93906761144459,18.411,161.4603,39.07015737221952,69.6903,327.1002,211.88871596696694,95.6,cut_hold,let,0.273,0.273,0.2594415760563426,0.9503354434298262,2,QEA-0249,49.0,27.62757977999521,26.671593663138527,100.6,Home_to_2B,False,False,False,True,False,cut_hold
y1_d039_HMN_RZQ,29,1035945,HMN-1883,Home,2B,5.4249,125.9829,5.51942319631318,7.53,204.8937,78.25681695347696,61.83,395.2734,275.30631312696045,107.5,cut_relay,cut_relay,2.252999989907614,2.253,2.12721186407101,0.9998466395349954,1,HMN-1883,11.0,25.992520167925235,25.60756027270071,96.6,Home_to_2B,False,False,False,True,False,cut_relay
y1_d065_UEX_RZQ,186,6426253,RZQ-0274,2B,Home,-60.2208,64.9422,88.56655177593854,-45.7041,68.9034,82.68339185332204,-150.4569,206.0022,255.09642326471376,102.5,let,cut_relay,1.1679083248966988,1.2730000000000001,1.2020397591408751,0.9174456597774537,2,RZQ-0274,76.0,28.71293292229131,27.011267188637134,101.9,2B_to_Home,False,False,True,False,False,cut_hold
y2_d001_BEJ_RZQ,7,140889,BEJ-1919,Home,3B,-6.6936,126.7875,85.0323422540506,-18.0498,223.5999,166.3299009320032,-13.0896,395.5197,335.7074294862269,107.5,cut_relay,cut_relay,1.6976241470267306,1.809,1.6974739440108777,0.910541483555607,0,,,,26.51569023675358,100.0,Home_to_3B,False,False,False,False,True,cut_relay
y2_d097_YJD_RZQ,158,5464867,YJD-0019,Home,2B,46.7868,97.4673,55.32797686098779,-103.7817,111.2967,104.96301675247335,-215.7858,218.5887,234.41843240097396,109.2,let,let,2.4982622609554777,2.809,2.8007701238628053,0.9928359144961592,1,YJD-0019,48.0,29.012389750587595,26.37868237736772,99.5,Home_to_2B,False,False,False,True,False,let
y1_d050_UPU_YJD,45,1351792,UPU-1881,2B,Home,-52.5456,37.4571,64.52963985464353,-112.0305,134.8848,175.34178680876389,-193.4124,253.1931,318.6143473878256,124.8,cut_hold,cut_relay,2.808713918103167,2.809,2.7600928264761895,0.9998161427398246,0,UPU-1881,6.0,23.82371154396392,23.170750020982837,87.4,2B_to_Home,False,False,True,False,False,cut_hold
y2_d094_QZE_RZQ,238,8210764,RZQ-0231,Home,3B,16.8468,123.1527,100.09938279295233,-38.019,156.0675,95.9128687781259,-97.9206,350.0229,288.4273304469776,100.7,let,cut_relay,2.132997750678685,2.253,2.1502560819247982,0.8570459859834807,2,RZQ-0231,77.0,28.361250593018635,26.82909278895618,101.2,Home_to_3B,False,False,False,False,True,cut_relay
y2_d065_HKR_RZQ,113,3806633,RZQ-0318,Home,2B,42.0015,103.1826,48.284516617752324,9.7974,132.6543,11.31194745611913,-106.3704,307.0965,209.16359938672406,107.9,cut_hold,cut_hold,2.0769982152028854,2.089,2.0854610567719085,0.995851180271874,0,RZQ-0318,39.0,26.87822604749056,25.770163681010697,97.2,Home_to_2B,False,False,False,True,False,cut_hold
y1_d027_JIL_RZQ,116,3711009,RZQ-0347,2B,Home,-28.6752,17.9622,33.83648509937166,-69.5769,87.3324,111.65972014728499,-184.5702,232.2279,296.6411236940185,106.4,cut_hold,cut_hold,1.2729905641296606,1.2730000000000001,1.26981164819916,0.9999925876902283,2,RZQ-0347,139.0,29.131157150549306,27.98336097523604,105.5,2B_to_Home,False,False,True,False,False,cut_hold
y2_d009_TSZ_RZQ,137,4385408,TSZ-2189,2B,Home,-60.2973,66.4794,89.75118390110516,38.7444,68.5659,78.7553882230924,14.5887,269.0595,269.4547173607098,109.2,cut_hold,cut_hold,1.4369077992846633,1.5030000000000001,1.5030000000000001,0.9478356742578241,1,TSZ-2189,9.0,26.909381521320775,26.873023058516242,101.3,2B_to_Home,False,False,True,False,False,cut_hold
y1_d099_MRJ_YJD,223,8188067,MRJ-2584,Home,2B,58.2405,80.2572,74.67827791325935,104.3484,119.6481,104.60706962806098,208.6812,221.8746,229.23575846407556,109.5,cut_hold,let,1.807177271587539,1.809,1.777941342105877,0.9687425915941995,1,MRJ-2584,5.0,25.20002803569869,24.777506104084768,93.4,Home_to_2B,False,False,False,True,False,cut_hold
y1_d046_WJU_QEA,47,1690008,QEA-0365,1B,Home,-36.2667,108.0972,114.01876238904718,18.3087,171.4497,172.42449978405043,102.6342,356.5929,371.0690977972297,90.0,let,let,1.3573405914951757,1.5390000000000001,1.396593710178859,0.8819626975277295,2,QEA-0365,55.0,27.37405819421008,26.139178713666208,98.6,1B_to_Home,False,True,False,False,False,let
y2_d029_IKJ_RZQ,157,5275359,RZQ-0355,Home,2B,60.6264,62.0112,88.87690646281519,8.5212,2.1738,125.11670973886741,-107.6805,300.4818,204.18380203015616,100.4,cut_hold,cut_hold,0.564,0.564,0.5220111873562603,0.9119731391116569,2,RZQ-0355,118.0,28.54847882637532,27.289533909611116,102.9,Home_to_2B,False,False,False,True,False,cut_hold
y2_d008_TSZ_RZQ,257,7365895,RZQ-0355,Home,2B,59.2302,56.6976,91.92738459131752,6.573,131.7327,8.099554203164514,-143.5731,247.9092,187.7026097001584,97.7,cut_hold,cut_hold,1.5582343718202711,1.564,1.5121566745012212,0.8913137830214282,1,RZQ-0355,118.0,28.54847882637532,27.289533909611116,102.9,Home_to_2B,False,False,False,True,False,cut_relay
y2_d019_GIS_RZQ,60,1810231,RZQ-0169,1B,3B,-43.5741,103.2594,44.41100313176904,-45.7167,194.496,132.07777034342303,-60.3111,318.7008,255.08252247429658,120.6,cut_hold,cut_hold,0.5378229098135048,0.539,0.5333763301602746,0.9978161592087286,2,RZQ-0169,44.0,26.559551027831777,25.01367771251388,94.3,1B_to_3B,True,False,False,False,False,cut_hold
y1_d085_YJD_RZQ,130,4080283,RZQ-0233,2B,Home,-61.1031,62.8161,87.63247827615056,-54.6981,131.4318,142.35940501017137,-162.933,215.1492,269.88208675204805,122.4,cut_hold,cut_hold,1.1914302966902157,1.236,1.236,0.961210005822642,1,RZQ-0233,17.0,27.359116571263776,27.330785976304515,103.1,2B_to_Home,False,False,True,False,False,cut_hold
y1_d050_JZK_RZQ,114,3898846,RZQ-0381,1B,Home,-55.1172,86.3226,102.41824547706331,-114.7329,125.5389,170.06955564009684,-202.1661,209.2362,290.9483104945791,107.1,let,let,2.190878032429705,2.539,2.396636788639785,0.7738006414415227,2,RZQ-0381,25.0,27.409484280080868,26.48451906420042,99.9,1B_to_Home,False,True,False,False,False,let
y1_d058_KJH_RZQ,308,11052619,KJH-1357,Home,2B,36.1953,114.9906,38.13561892050528,-53.2677,199.8417,90.24057359181623,-93.0564,352.4157,243.86826646255147,114.4,let,cut_hold,2.3011411293170485,2.539,2.537273982746945,0.998095187193221,2,,,,26.51569023675358,100.0,Home_to_2B,False,False,False,True,False,cut_hold
y1_d061_HCI_RZQ,140,4880294,NA,1B,3B,-29.4114,115.4007,62.05454957092187,2.1417,131.6022,94.58378657957188,-193.1412,219.4389,202.59283808330935,115.5,cut_hold,cut_hold,0.5234879755735702,0.539,0.5047439543775724,0.9712207339027276,2,NA,1947.0,30.909685920274246,26.612438623327908,100.4,1B_to_3B,True,False,False,False,False,cut_hold
y1_d045_MHY_RZQ,157,5298610,MHY-2391,1B,3B,-3.2229,124.3341,85.63877478817642,12.6108,125.9376,98.46408211322543,-123.4125,276.8454,221.42559550650415,102.4,let,cut_hold,1.1381010511299428,1.288,1.1381010511299428,0.8575105048763714,0,MHY-2391,7.0,25.053797246924475,24.994791764045438,94.3,1B_to_3B,True,False,False,False,False,cut_relay
y1_d051_UPU_YJD,188,6035955,YJD-0020,Home,2B,34.242,109.9059,38.27169735992904,30.1434,144.1017,34.65678442166843,140.7333,241.1685,181.2189507781678,103.0,cut_hold,let,0.273,0.273,0.2724794456082516,0.998093207356233,2,YJD-0020,23.0,27.709035915940042,25.369497135228844,95.7,Home_to_2B,False,False,False,True,False,cut_hold
y1_d096_XAX_QEA,82,2738858,QEA-0182,1B,Home,-62.1264,66.5913,91.07189913826328,11.6181,228.6246,228.91961028441838,42.804,367.4379,369.9226848578092,88.1,cut_relay,cut_relay,2.2326760883877723,2.253,2.1489763756840947,0.9881424086276382,1,QEA-0182,6.0,27.060187482720814,25.82967999507236,97.4,1B_to_Home,False,True,False,False,False,cut_relay
y1_d023_AKX_YJD,40,5058465,YJD-0066,2B,Home,-59.0451,53.8002,79.87981818989074,-7.1382,133.296,133.48699380553896,51.4785,280.3902,285.0766567404108,101.2,cut_hold,cut_hold,1.8622251032994275,1.873,1.8371395765608562,0.9930797066791441,1,YJD-0066,8.0,30.26543865880685,26.931878974053117,101.6,2B_to_Home,False,False,True,False,False,cut_hold
y1_d096_XAX_QEA,106,3597808,XAX-2387,1B,3B,-14.733,123.7893,77.52311229233511,27.8034,155.9769,129.9538322065571,86.2305,304.4487,283.63708637260396,107.5,cut_hold,cut_hold,0.854861602542563,0.873,0.854861602542563,0.976923158451098,1,,,,26.51569023675358,100.0,1B_to_3B,True,False,False,False,False,cut_hold
y2_d073_XFE_RZQ,173,15446566,XFE-1156,2B,Home,-39.5109,30.7137,50.04440614594203,-55.2447,125.2986,136.93690532522632,-89.4555,318.5229,330.84607343092347,113.8,cut_hold,cut_hold,2.80897755352619,2.809,2.7621952331519126,0.9999855742456233,0,XFE-1156,15.0,27.183574044816115,24.677511871186194,93.1,2B_to_Home,False,False,True,False,False,cut_hold
y1_d064_UEX_RZQ,30,9075548,UEX-2569,1B,3B,-60.6306,75.9129,12.636477466841772,65.9571,205.5525,192.18367772695996,133.0422,334.0995,334.4132607076011,102.4,cut_hold,cut_relay,3.7641238123159377,3.809,3.75015966546802,0.9999729165209733,1,,,,26.51569023675358,100.0,1B_to_3B,True,False,False,False,False,cut_hold
y1_d099_MRJ_YJD,266,9820367,MRJ-2255,Home,2B,54.8175,49.7049,94.76017512784577,-2.8329,133.3656,6.967509294575789,-174.9042,268.4241,224.9272220929472,116.3,cut_hold,let,0.273,0.273,0.2368330949697189,0.8675204943945747,2,MRJ-2255,5.0,27.8293218330954,27.748909386200687,104.7,Home_to_2B,False,False,False,True,False,cut_relay
y2_d056_IAK_RZQ,233,7873564,RZQ-0347,1B,3B,-53.0886,92.8602,31.066897656508935,-35.6748,213.3852,152.33409773940963,-87.3846,336.0051,273.39815969967685,106.8,let,let,1.379959802788599,1.5390000000000001,1.5365307207945544,0.9995347870978228,2,RZQ-0347,139.0,29.131157150549306,27.98336097523604,105.5,1B_to_3B,True,False,False,False,False,cut_hold
y2_d064_ESW_YJD,99,3121458,YJD-0312,2B,Home,-59.4963,60.291,84.70427612989795,-49.7064,145.3545,153.61854338331034,-103.5036,289.6473,307.5850347631529,92.1,cut_relay,cut_relay,2.2447357682496825,2.253,1.9416835584286873,0.995178394544739,1,YJD-0312,60.0,30.12380340279095,27.95408096039191,105.4,2B_to_Home,False,False,True,False,False,cut_relay
y2_d092_NYA_YJD,260,9405959,YJD-0397,1B,3B,-0.0228,125.8995,89.01344547926455,0.3093,0.8241,89.64011525706557,-15.4125,236.8392,179.78836068247023,136.0,let,let,1.1913262787166086,1.316,1.2091733210319457,0.6619408893416004,2,YJD-0397,70.0,28.263914163646902,26.869455393422015,101.3,1B_to_3B,True,False,False,False,False,let
y1_d027_JIL_RZQ,236,8200209,JIL-1515,1B,Home,-21.8148,117.1383,119.15228418259551,36.1938,188.8311,192.2684984225185,93.2265,336.2982,348.9808871922501,113.0,let,let,2.362316264863664,2.809,2.604136739411697,0.7129281907864166,0,,,,26.51569023675358,100.0,1B_to_Home,False,True,False,False,False,let
y1_d058_OXG_QEA,29,7728438,OXG-0079,1B,Home,-58.9155,55.518,80.95235922596697,-65.2143,183.8214,195.04669190337478,-129.9375,339.2727,363.30389327880863,114.7,cut_hold,cut_hold,2.8015188818817545,2.809,2.8049456809886615,0.9951920834715644,0,OXG-0079,12.0,27.779869349044834,26.972656194668367,101.7,1B_to_Home,False,True,False,False,False,cut_hold
y2_d094_QZE_RZQ,238,8210764,RZQ-0395,1B,Home,-48.3522,95.2392,106.8103012891547,-38.019,156.0675,160.6315937704971,-97.9206,350.0229,363.4617922543854,100.7,let,cut_relay,2.132997750678685,2.253,2.1502560819247982,0.929987019065744,1,RZQ-0395,12.0,25.77788341757329,25.496568678106108,96.2,1B_to_Home,False,True,False,False,False,let
